hebrew,count
את,12395
של,11078
לא,10358
על,8346
זה,5888
הוא,4897
גם,4844
אני,4721
אם,3395
יש,3374
היא,2851
עם,2732
כל,2704
או,2430
היה,2412
אבל,2254
מה,2225
יותר,2092
אין,1928
לי,1927
למחוק,1870
הערך,1729
רק,1704
זו,1702
כך,1518
כי,1503
האם,1443
צריך,1432
זאת,1359
אתה,1357
הם,1355
אפשר,1353
ב,1327
אותו,1311
בין,1284
כמו,1279
אחד,1200
שם,1186
לאחר,1178
ערך,1171
ולא,1132
עוד,1131
להיות,1106
הזה,1041
בכל,1040
שלא,1009
עד,1006
אז,1001
כן,992
כדי,952
אך,942
לו,920
כבר,918
לך,902
בערך,899
היו,897
ל,888
ג,883
שיש,882
כאן,877
אולי,867
הייתה,865
למצוא,849
קישורים,838
ישראל,830
חיצוניים,825
שלי,824
יכול,820
פחות,819
חושב,807
ניתן,801
מאוד,794
כמה,792
שהוא,785
אל,765
אותה,750
בו,734
דבר,711
ידי,708
חשוב,697
לפני,696
שלו,685
מספר,673
אחר,672
שני,652
לגבי,625
בית,619
ויקיפדיה,619
ערכים,618
זמן,609
פה,606
הרבה,605
אף,605
ביותר,604
אחרי,600
קצת,594
נראה,588
לכל,587
רבים,584
באופן,578
ללא,573
לעשות,571
מי,568
יהיה,558
איך,554
למה,553
חלק,549
שזה,549
טוב,546
אלא,545
אחת,542
אלה,521
לפי,513
לערך,511
אותם,501
דרך,499
לדעתי,499
היום,496
ראו,496
שאני,495
עדיין,493
לכתוב,487
אחרים,486
רוצה,486
אינו,477
אנחנו,469
אלו,468
פעם,464
פשוט,463
משהו,462
לה,461
ה,459
בן,459
אחרת,455
הספר,452
הראשון,451
שלך,450
לכך,444
יום,443
שנים,435
שנה,431
להוסיף,431
בה,429
אנשים,429
וגם,428
העולם,428
שוב,426
הברית,423
מקום,422
לנו,421
עכשיו,419
הן,419
כזה,418
במקום,416
אדם,416
בדף,415
בלי,412
לכן,411
מידע,406
חשיבות,405
באתר,404
ואני,403
העיר,401
חיים,400
חדש,397
בנושא,396
יודע,395
אותי,393
אי,392
להם,390
עליו,389
תמיד,388
בבית,383
כ,380
שום,376
מדובר,376
המשפט,373
בישראל,372
דברים,371
ההצעה,370
פי,369
שלה,367
נגד,367
מן,366
לראות,359
אפילו,359
בני,358
כאשר,357
מדי,355
איזה,353
ר,353
עצמו,351
גדול,350
באמת,348
שתי,347
מבחינה,346
חדשים,345
בדיוק,343
נכון,342
שאין,341
ממש,339
כלל,337
הייתי,337
במהלך,336
דף,335
רב,331
שהיא,330
הזו,330
קשה,329
בלבד,329
השיחה,329
הרב,328
שאתה,327
י,326
צ,324
למשל,324
הראשונה,324
אינה,323
כמובן,322
מספיק,320
כפי,319
בעולם,318
כיום,318
תבנית,318
בכלל,316
ואז,316
מכן,316
אגב,316
רבות,312
מישהו,311
המדינה,310
נוסף,309
בנוסף,308
המשחק,308
אתר,308
תוכל,307
שלהם,304
ו,303
שלנו,302
כמעט,301
נמחק,301
א,299
תמונות,299
כדאי,298
ספר,297
הערכים,297
צורך,297
מקרה,297
מדוע,296
חסר,295
ברור,295
ראש,295
שלום,293
שהם,292
בהם,290
הכי,290
התמונה,289
הזמן,288
השני,287
בשם,286
לב,283
והוא,282
במקרה,282
למרות,278
לקבל,278
הכל,278
מ,278
מבחינת,278
זהו,276
שימוש,276
הרי,273
בדרך,272
אשר,272
רוב,272
בעיר,271
ילדים,270
רואה,270
ד,270
אמר,269
ראה,269
התכוונתם,269
מאז,268
מבחינתי,268
מעט,267
נוספים,265
מהם,264
ולכן,263
בארץ,263
צריכה,262
בסדר,262
אומר,262
אולם,261
אכן,260
משחק,260
נמצא,259
די,258
שונים,258
בגלל,257
שהיה,257
הזאת,254
אשמח,254
האלה,252
עדיף,252
לתת,251
דיון,251
באותה,251
כאלה,250
עבור,250
ועוד,249
שצריך,249
לפחות,248
בתוך,248
באמצעות,248
השם,246
ח,246
פרק,246
בעיקר,244
חייב,244
מזה,243
האתר,242
במיוחד,241
קיים,240
חברי,239
אביב,236
להשתמש,234
המשפחה,233
חופשי,233
מכל,232
בסוף,231
מציע,231
תמונה,230
אתם,228
מערכת,227
השנייה,227
בצורה,226
כתוב,226
בזמן,225
שינוי,225
מתוך,225
חשובים,224
עוסק,224
לשם,223
דווקא,223
היתה,223
בכך,222
כרגע,221
עבודה,220
למעשה,220
העברית,220
ניוטון,220
ימים,219
יכולה,219
מקור,218
גדולה,218
בויקיפדיה,218
חבל,217
שיחה,217
כנראה,216
קודם,216
ארצות,216
זכויות,216
כולם,215
וזה,215
לזה,215
במשך,214
איש,214
המידע,214
המלחמה,214
שבו,213
הכנסת,213
שונות,212
לדעת,211
נוספת,211
תחת,210
תודה,210
בעל,210
יחד,210
בעקבות,210
מול,209
הדף,209
ש,208
מבין,208
הדבר,208
ראיתי,208
שלושה,208
ואת,206
מלחמת,206
בעיה,205
אחרות,205
ועל,204
וחצי,204
בקרב,204
חוק,204
אינם,203
העבודה,203
מאד,200
משפחה,200
שלוש,199
ראוי,199
הממשלה,199
הבית,198
סתם,198
דומה,198
אופן,198
החל,197
התבנית,197
מחדש,196
בשביל,196
טובה,196
הדברים,196
להגיע,195
מצד,195
בעלי,195
ויש,194
עושה,194
חומר,194
בשנת,193
הגדול,193
הארץ,193
בוויקיפדיה,193
ואם,192
אצל,192
אנא,192
תוך,191
ככה,191
קשר,191
כתב,191
זכה,191
לבין,190
סיבה,190
רבה,189
הבעיה,189
כולל,189
חייבים,189
באנגלית,189
בראש,188
אליו,188
בעברית,187
נולד,187
קישור,187
החברה,186
בלתי,186
סוף,186
לשנות,186
משנה,186
חוץ,185
עניין,185
שאפשר,185
פירושונים,185
חייו,184
לקרוא,184
לחלוטין,184
ממנו,184
ביום,183
האדם,182
צבא,182
בעבר,181
צריכים,181
חבר,181
הדיון,181
החיים,180
ככל,180
חדשות,180
קטן,179
ע,179
כללי,179
בטוח,178
חצי,178
קצר,178
משפט,178
לאחרונה,177
מעבר,177
ז,177
אותן,176
יהודים,176
בתחום,175
תהיה,175
שכל,174
שמו,174
פרטים,174
האחרון,173
השנים,173
בבקשה,172
השאלה,172
ליצור,171
יצא,170
שמות,170
הגיע,170
ואין,169
יכולים,169
פעמים,169
מנת,168
תשובה,168
דוד,168
חשבתי,167
משתמש,166
להביא,166
נוספות,166
חוסר,165
בשל,165
אנו,165
אבא,164
אנשי,164
התמונות,163
בעוד,162
באותו,162
משרד,162
הבריאות,162
תחילת,162
בסיס,161
נושא,161
חושבים,161
המקום,160
לאור,159
איפה,159
לבית,158
הדרך,158
להבין,158
מעולם,158
כלומר,158
הצבעה,157
לדבר,156
במסגרת,156
הבנתי,155
וכן,155
שגם,154
אמא,154
עבר,154
עליהם,154
שונה,154
שכן,154
פתח,154
השנה,153
הנוכחי,153
לפעמים,152
לכם,152
מאוחר,152
חד,152
חוקי,152
הבחירות,152
מעל,151
בעניין,151
יהודה,151
צבאי,151
אותך,151
האנגלית,151
עלי,151
בת,150
נעשה,150
הילדים,150
הנושא,150
לפתוח,150
תל,150
בהמשך,150
שדה,150
חודשים,149
רוצים,148
הללו,148
יהודי,148
המצב,147
בהחלט,147
ומה,146
עליה,146
חודש,146
כזו,146
כוח,146
ידוע,146
יונה,146
מקווה,145
כעת,145
יוצרים,145
שיהיה,145
חי,144
והיא,144
בעת,144
מנסה,143
בתי,143
מקורות,143
הרשמי,143
מאשר,143
הקהילה,143
הקבוצה,142
הסרט,142
מקובל,141
בירושלים,141
משום,141
שהערך,141
ירושלים,140
הישראלי,140
יורק,140
קצרמר,140
להמשיך,139
כיצד,139
מומחה,139
יצחק,139
מחיקה,139
כאילו,138
צה,138
בזה,137
יהיו,137
אינני,137
צעד,137
תחום,137
הגיעו,136
מומלץ,136
לציין,136
אביו,136
רחוב,136
השימוש,135
נשים,135
משפחתו,135
בהתאם,135
באזור,134
המלך,134
שנות,134
ראשון,134
בתקופה,134
לאורך,134
בפני,134
היהודים,134
חדשה,134
חובה,134
ליד,133
אלף,133
מבקש,133
לעומת,133
לוקה,133
יפה,132
וכו,132
יפן,132
בעד,132
מופיע,132
בינתיים,131
אמרה,131
להעביר,131
הדין,131
כה,131
כותב,131
להכניס,131
עיר,131
המשתמש,131
לגמרי,130
לומר,130
ואף,130
לעתים,130
קיימת,130
במשחק,130
קינג,130
למד,130
הראשי,129
מוזמן,129
לתקן,129
עריכה,129
עושים,128
תקופה,128
קל,128
החוק,128
משתמשים,128
בידי,128
ארץ,128
למשמעות,128
הצבא,127
מצב,127
הסיפור,127
להרחיב,127
מורחב,127
פעולה,126
שהיו,126
אפשרות,126
עומד,126
עובד,126
עצמה,125
חיל,125
לבדוק,125
אור,125
הצעת,125
הצבאי,125
בחסר,125
שבה,124
וכך,124
שאלה,124
מיד,124
העיצוב,124
דקות,123
האחרונות,123
הקישור,123
חשובה,122
במצב,122
בשנים,122
הסבר,122
בנו,122
לשים,121
מתאים,121
להשאיר,121
ס,121
להעלות,121
שכתוב,121
בשלב,120
בי,120
אלי,120
למקום,120
הציבור,120
דין,120
מרכז,120
במספר,120
לערוך,120
ידע,120
רווח,120
הנ,120
ארבעה,119
שאנחנו,119
בתור,119
חוזר,119
בארצות,119
החדש,119
לרוב,118
ממנה,118
לבצע,118
יודעים,118
חיצוני,118
מדינת,117
קיימים,117
יד,117
מעניין,117
ילד,117
אנציקלופדיה,117
ויקיפדים,117
ועד,116
טעם,116
חינוך,116
כלי,116
שאי,116
מדיניות,116
המספרים,116
עיצוב,116
האטום,116
וכל,115
אמור,115
לשלוח,115
לעזור,115
חברת,115
לשמוע,115
ההיסטוריה,115
הפורנוגרפיה,115
האחרונה,114
איזו,114
הפך,114
מושג,114
דוגמאות,114
נקרא,114
לעבוד,114
אוכל,113
סוג,113
מתי,113
בתחילת,113
הגדולה,113
לצד,113
באוניברסיטת,113
הטקסט,113
להסביר,113
מכיוון,113
מייל,113
מכיר,112
העניין,112
ספק,112
הים,112
מיליון,112
נמצאת,112
בספר,112
בעיני,112
ההצבעה,112
ורק,111
שעות,111
עקב,111
מדינות,111
הישראלית,111
בערכים,111
עשה,110
ימי,110
עשרות,110
קיבל,110
לערכים,110
מסכים,110
סיפור,109
ארוך,109
בדיקות,109
בתבנית,109
להגיד,109
להציג,109
ערב,109
שכתבת,109
מלא,108
שניתן,108
פני,108
מדבר,108
היטב,108
גרמניה,108
היחיד,108
לדעתך,108
בתקופת,108
במלחמת,108
מחוץ,107
היסטוריה,107
אומרת,107
מדינה,107
מהירה,107
במרכז,107
משמעות,107
בבחירות,107
חזרה,107
ברוב,107
לישראל,107
קטנה,107
ספרים,106
השבוע,106
והם,106
צבאית,106
המאה,106
בתמונה,106
ייתכן,106
זכות,106
הבקשה,106
מלחמה,105
חסרי,105
לאחרים,105
מהערך,105
כלשהו,104
כלום,104
הקשר,104
לבן,104
דוגמה,104
תשומת,104
חסרים,104
שכבר,103
לפנות,103
גדולים,103
חברים,103
סביב,103
אמנם,103
חברות,103
מאות,103
אלפי,103
ברחבי,103
מסוים,103
ערכי,103
לצורך,103
האי,103
נבחרת,103
החדשה,103
מראש,102
יוצא,102
טובים,102
מכך,102
משפחת,102
בימים,102
היהודי,102
יוסף,102
ורג,102
חברה,101
בדיקה,101
דעת,101
לחפש,101
למעלה,101
שמאל,101
במקרים,101
ניו,101
החולים,101
המילה,101
כגון,101
לאתר,101
מצדה,101
חמישה,100
לעולם,100
גבוהה,100
עצמי,100
שבוע,100
להשיג,100
מותר,100
הילד,100
נחשב,100
באירופה,100
אישור,100
הנשיא,100
ביקורת,100
יחסית,100
נרחב,100
גילגמש,100
שאינו,99
הבא,99
ללמוד,99
שינויים,99
כיוון,99
האוויר,99
לעבור,99
לחץ,99
דעתך,99
מניח,99
ביחד,98
בניגוד,98
מפקד,98
פנים,98
בעצם,97
בא,97
ביניהם,97
מפני,97
להוריד,97
יוכל,97
שזו,97
לאחד,97
האמת,97
בשימוש,97
שגיאות,97
הוספת,97
ארבע,96
ואולי,96
שבהם,96
גורם,96
נכתב,96
אסור,96
השלישי,96
חופש,96
המועצות,96
כתבתי,96
הערות,96
ללכת,95
אותנו,95
אליה,95
כנגד,95
סדר,95
שר,95
סביר,95
שמדובר,95
חמש,95
פגיעה,95
מצאתי,95
תמחק,95
בטח,94
הסיבה,94
בהן,94
ת,94
בר,94
הלאומי,94
האנשים,94
ראשי,94
בסופו,94
שעה,94
צודק,94
הפעם,94
האלבום,94
נא,94
נשמע,93
מים,93
כולו,93
הודעה,93
לשאול,93
אנסה,93
שאר,93
ישנם,93
הצליח,93
הראשונים,93
דמויות,93
הוספתי,93
רשימת,93
מסוימת,92
כסף,92
שירות,92
מגיע,92
לראשונה,92
רגע,92
שבועיים,92
זוהי,92
כאלו,92
המפלגה,92
מקצוע,92
צרפת,92
במקביל,91
לצאת,91
קרוב,91
עולה,91
תנאי,91
לארץ,91
זכתה,91
כלפי,91
מותו,91
במידה,90
פרטי,90
מלבד,90
טיפול,90
באינטרנט,90
במהירות,90
לשימוש,90
החינוך,90
רמת,90
כוחות,90
כאמור,90
שאינם,90
כתוצאה,90
אילו,90
לכאן,90
נהוג,90
אישי,89
רעיון,89
בעיות,89
למנוע,89
תפקיד,89
נשיא,89
ק,89
תוכן,89
בקשה,89
רשות,89
הצלחתי,89
פורטל,89
איתי,88
ממני,88
היתר,88
היהודית,88
חשבון,88
יצאו,88
מהווה,88
היחידה,88
והן,88
הפסקה,88
פשוטה,88
לוויקיפדיה,88
הלב,87
לשמור,87
משחקי,87
גבוה,87
כזאת,87
משם,87
נמצאים,87
עולם,87
חלקם,87
יתר,87
הקורונה,87
קרב,87
העליון,87
גבול,87
איננה,87
לחזור,87
חוקים,87
איני,87
ימחק,87
מתחת,86
איננו,86
חלקים,86
לעניין,86
אישית,86
נוכל,86
עובר,86
בנוגע,86
כחול,86
במקומות,86
ארגון,86
סיום,86
כמות,86
חולים,86
דמות,86
מחקר,86
רצוי,86
השאר,86
להגיש,86
התנועה,86
חלקי,86
חיילים,86
הבריטי,86
ויקיפד,86
קרה,85
פרשת,85
אפשרי,85
עצמם,85
פתרון,85
תגובה,85
הספרים,85
היקום,85
שנית,85
חיפה,85
לקחת,84
הרעיון,84
אדום,84
הגיעה,84
אירופה,84
החלה,84
ובכל,84
יעקב,84
עזרה,84
עשר,84
דו,84
טעות,84
אבי,84
בתל,84
בגיל,83
נתניהו,83
לדיון,83
לילדים,83
ברורה,83
שלכם,83
יכולת,83
רקע,83
השיר,83
חיפוש,83
האור,83
שכתבתי,83
לדף,83
הביתה,82
רואים,82
ושוב,82
בקיצור,82
קבוצת,82
העובדה,82
מקבל,82
עברו,82
למען,82
בשני,82
בשנה,82
פורסם,82
מילים,82
עברה,82
למשפחה,82
האחרונים,82
פרס,82
הלא,82
תיאור,82
התנגדות,82
הלהקה,82
המון,81
ברגע,81
בריאות,81
מיותר,81
למשחק,81
במדינה,81
המשיך,81
בעתיד,81
לדוגמה,81
סרטים,81
האיש,81
תנועת,81
העברי,81
פרויקט,81
הסדרה,81
הקטגוריה,81
קורה,80
סרט,80
חכם,80
אמרתי,80
הנראה,80
קבוצות,80
פתיחת,80
השחקן,80
הצדדים,80
דעתי,79
יודעת,79
רע,79
פעילות,79
לנסות,79
הנשים,79
באיזה,79
האמריקאי,79
דורש,79
מבנה,79
עץ,79
מסחרי,79
קו,79
חופשיות,79
תבניות,79
אבשלום,79
שמה,78
מחר,78
לעיר,78
לחיות,78
במה,78
לקבוע,78
תקופת,78
החליט,78
העם,78
כותבים,78
האחרים,78
ניסיתי,78
הוועדה,78
המערכת,78
ברית,78
ביוגרפיה,78
ענתבי,78
כיפא,78
עשרה,77
ארוכה,77
מוצא,77
הימים,77
בקשר,77
ואפילו,77
בהרבה,77
ראשית,77
בעזרת,77
חייבת,77
כלשהי,77
לספר,77
למי,77
האופציה,77
מאת,77
תרגום,77
שימש,77
פעיל,77
מספרים,76
שנת,76
ון,76
הבחירה,76
טקסט,76
מין,76
מכאן,76
פרט,76
שווה,76
רלוונטי,76
במחלוקת,76
עליך,76
אנציקלופדי,76
לבד,75
החלק,75
ברירה,75
קבע,75
מרבית,75
חזר,75
החלו,75
גיל,75
מחוז,75
במדינת,75
יהודית,75
מהן,75
ישנה,75
שטח,75
קול,75
ישראלי,75
שאת,75
חול,75
חל,75
בפעם,74
מוסיף,74
חב,74
המטרה,74
נבחר,74
ביטוי,74
פעולות,74
הקרב,74
מלך,74
מסוג,74
כדור,74
לבוא,74
סימוכין,74
בחוץ,73
מיוחד,73
להישאר,73
שנתיים,73
מצליח,73
הבאים,73
לאנשים,73
מעדיף,73
ממה,73
ממשלת,73
נשאר,73
היכן,73
הביטחון,73
עמד,73
תהליך,73
דם,73
צוות,73
בפועל,73
האנגלי,73
שמחה,73
המקור,73
הכוונה,73
הפניה,73
בוט,73
השירות,72
חשובות,72
להוציא,72
שאלות,72
להתחיל,72
אליהם,72
בניית,72
לפעול,72
בשנות,72
תשובות,72
התשובה,72
בהיסטוריה,72
טועה,72
לבסוף,72
להן,72
מפעיל,72
תושבי,72
עצם,72
הולך,72
מוכן,72
בדיון,72
המונח,72
הרשימה,72
אופציה,71
מיני,71
באה,71
הוגן,71
חיי,71
אצלי,71
רוח,71
קבלת,71
איתו,71
רציתי,71
קטנים,71
בברכה,71
התורה,71
האינטרנט,71
שיטת,71
ברשת,71
עובדים,71
בתפקיד,71
הכוח,71
לעמוד,71
אורי,71
עברית,71
ריצ,71
הבאה,71
השונים,71
להסיר,71
מפת,71
מעמד,71
פנה,71
תרבות,71
צבעים,71
בשמחה,71
הקישורים,71
אמחק,71
הטוב,70
לחשוב,70
לצערי,70
מאחורי,70
נראית,70
מהר,70
אינן,70
משמעותי,70
תוצאות,70
דרכים,70
לאחת,70
כתיבה,70
גרוע,70
מבצע,70
ט,70
תקווה,70
הינו,70
למדי,70
העולמית,70
קורות,70
אברהם,70
צבע,70
נמחקה,70
פצצת,70
חזק,69
שורה,69
אוהב,69
בעלת,69
הצעיר,69
העונה,69
פתוח,69
רפואי,69
עובדה,69
בקרוב,69
הזהב,69
טופס,69
מובן,69
גדל,69
שמעתי,69
היית,69
קטגוריה,69
ויקי,69
שנמחק,69
חושבת,68
אומרים,68
שבת,68
אחוז,68
מעלה,68
משפחות,68
רישיון,68
נתונים,68
לדון,68
חסרות,68
להחזיר,68
בסרט,68
זכו,68
מקצועי,68
מונה,68
לקצץ,68
משה,68
שלם,68
הקרוב,68
לאכול,68
אודות,68
לשחזר,68
הצבעים,68
כפר,68
לבחור,67
חודשיים,67
לקיים,67
מערכות,67
נתן,67
במערכת,67
מנהל,67
המחקר,67
הפכה,67
קיום,67
ועדת,67
שהייתה,67
שמונה,67
צעיר,67
מתכוון,67
דה,67
יימס,67
בקטגוריה,67
עלה,67
אינך,67
במזנון,67
סליחה,67
גוגל,67
העריכה,67
דחוף,67
שבע,66
קוראים,66
יקרה,66
לגלות,66
לבנות,66
בהכרח,66
גורמים,66
מקרים,66
ארה,66
הכפר,66
הארגון,66
הכדורגל,66
התיכון,66
מידי,66
להפוך,66
ספרד,66
ספורט,66
העצמאות,66
הביטוי,66
שניהם,66
פשרה,66
שי,66
ואתה,66
מצא,65
שחור,65
בחברה,65
לשני,65
ימין,65
הזוג,65
התקשורת,65
פוליטית,65
לעיתים,65
תשלום,65
מסוימים,65
היישוב,65
לקראת,65
הגוף,65
מבט,65
לבקש,65
הלאומית,65
דעות,65
מכיל,65
רבין,65
החומר,65
אלון,65
חגי,65
הצבאית,65
דברי,65
קשור,65
לפועל,65
הצבעת,65
אנציקלופדית,65
בפרס,65
להופיע,65
נורא,64
נחמד,64
לתוך,64
עמוד,64
גן,64
ים,64
תורה,64
נכונה,64
נקודות,64
הבדל,64
שלמה,64
בסך,64
הנבחרת,64
המים,64
הטבע,64
אצלנו,64
תואר,64
שמח,64
חג,64
מיקום,64
המתקפה,64
ממליץ,64
שים,64
אלמוג,64
שהוספת,64
נכנס,63
בוודאי,63
קיבלתי,63
בדרום,63
גמור,63
ממשיך,63
התקופה,63
יכולות,63
בזכות,63
אוסף,63
תוכנית,63
ולאחר,63
גוף,63
במזרח,63
מאמרים,63
אנגלית,63
בעלות,63
המושג,63
טווח,63
תאריך,63
לעברית,63
לשלם,62
האלו,62
היינו,62
הכתיבה,62
הפחות,62
זוג,62
רכב,62
החרדי,62
מרכזי,62
גבולות,62
הרשות,62
יכולתי,62
המרכזי,62
קבוצה,62
ההחלטה,62
התוכן,62
רחב,62
דיונים,62
גודל,62
בניו,62
פצצות,62
ברחוב,62
נוצרו,62
מצחיק,62
נמצאות,62
פטור,62
הפרלמנט,62
מחקת,62
שמישהו,61
רבי,61
הסכם,61
למטה,61
מראה,61
בהתחלה,61
מחשב,61
הסביבה,61
לשעבר,61
מפתח,61
שתהיה,61
אלוף,61
הטיפול,61
סגן,61
מידה,61
שבועות,61
שלאחר,61
מאמין,61
רצח,61
ך,61
כנסת,61
התוכנית,61
ישראלים,61
שקלים,61
החול,61
נחשבת,61
וושינגטון,61
הפרטים,61
ספציפי,61
לויקיפדיה,61
עמוק,60
יחסי,60
בסיסי,60
פתאום,60
ובין,60
בצד,60
מעוניין,60
בחיים,60
מחפש,60
פסול,60
לבני,60
הסדר,60
הגדולים,60
טלוויזיה,60
נותן,60
אתמול,60
אירועים,60
סגור,60
לעיל,60
ממך,60
לשאלה,60
קיימות,60
לכאורה,60
פוליטי,60
השניים,60
רשמי,60
השואה,60
פרסם,60
מיוחדת,60
עשיתי,60
הטלת,60
תרצה,60
להורג,60
אבקש,60
בחדר,59
פעמיים,59
לגרום,59
תחושה,59
כשאני,59
רגיל,59
בכמה,59
ושם,59
לקשר,59
במילים,59
המקרים,59
משמש,59
לטפל,59
אמריקה,59
ההגנה,59
עלינו,59
בגוף,59
הגנה,59
בצפון,59
עובדות,59
בנה,59
מילה,59
עת,59
אורך,59
מתחיל,59
נושאים,59
שכונה,59
קורא,59
להציע,59
המשך,59
שמתי,59
חן,59
בפרלמנט,59
בגוגל,59
טכנית,59
טובות,58
מת,58
להיכנס,58
פ,58
מקבלים,58
המילים,58
אש,58
נפוץ,58
להציץ,58
ואילו,58
פארק,58
להניח,58
לעבר,58
מיכאל,58
העתיקה,58
מעין,58
מזון,58
לאומי,58
כעבור,58
ניסיון,58
הפנים,58
תגובות,58
ניסוח,58
חסימה,58
האיחוד,58
סמל,58
המבנה,58
החלטה,58
למישהו,58
פרסום,58
לטעמי,58
מטעם,58
הוצאה,58
נמחקו,58
היפנים,58
באמצע,57
ועם,57
האירוע,57
הצלחה,57
איתה,57
בהקשר,57
משחקים,57
כולנו,57
דולר,57
המדינות,57
ביחס,57
מצפון,57
לתפקיד,57
בשטח,57
הלבן,57
מלאה,57
האחים,57
זהב,57
ידעתי,57
בואו,57
שכדאי,57
מחלוקת,57
בימי,57
אחיו,57
צורת,57
היוצרים,57
ם,57
למלא,57
דעה,57
להצלחה,57
האימפריה,57
פועל,57
המסמכים,57
להחלטה,57
הפצצה,57
רד,57
קדם,56
לעבודה,56
גברים,56
משקל,56
לטובת,56
יחס,56
אישה,56
בשבוע,56
השפעה,56
שיר,56
המלא,56
שיהיו,56
משני,56
לפיכך,56
עונה,56
בחלק,56
אחריו,56
תנועה,56
תחילה,56
חיובי,56
עתה,56
להחליף,56
הפעולה,56
יוצר,56
השינוי,56
כהן,56
כבוד,56
המאמר,56
שכר,56
הפרק,56
בראשית,56
נ,56
צילום,56
קבוע,55
סין,55
יו,55
בחודש,55
טוען,55
האישה,55
ועדיין,55
נמוך,55
בארה,55
מוכר,55
פרופ,55
הצורך,55
רצה,55
ציון,55
נוצר,55
בחזרה,55
אנגליה,55
נאלץ,55
סיים,55
קטגוריות,55
קרן,55
בסגנון,55
נפרד,55
מאחר,55
אוויר,55
צורה,55
שלח,55
תרגיש,55
לידי,54
אהבה,54
לנושא,54
מצפה,54
גישה,54
עשוי,54
לעצור,54
תקשורת,54
ויותר,54
לרגע,54
שחקן,54
הוצאת,54
כספים,54
במשרד,54
טען,54
הנכון,54
אפריקה,54
נדמה,54
משמעותית,54
עמדה,54
מזכיר,54
הופך,54
עסק,54
קהל,54
בקלות,54
אזרחים,54
המקורי,54
הגדרה,54
הגעת,54
מאמר,54
החלל,54
דפים,54
הנצרות,54
מפה,54
בלילה,53
קפה,53
שאולי,53
לפגוע,53
לאן,53
שעבר,53
בעבודה,53
איתם,53
להגן,53
המחשב,53
לשמש,53
לציון,53
רשימה,53
שבין,53
נותר,53
שאנשים,53
בשעה,53
מבלי,53
ניסה,53
לכיוון,53
ישראלית,53
שאל,53
עורך,53
השולחן,53
ידין,53
דבריו,53
השופט,53
הביאו,53
היפני,53
הניסוח,53
איתך,53
ברק,52
לוקח,52
הרכב,52
הודעות,52
שעל,52
במשפט,52
נוער,52
לוח,52
ההבדל,52
חשש,52
השלטון,52
מיליארד,52
החוקרים,52
ספרות,52
השפה,52
המספר,52
הצעה,52
חדר,52
ספרו,52
מוקדם,52
הקמת,52
קורס,52
מציג,52
דתי,52
גדולות,52
ישנו,52
שירים,52
יצירת,52
באנציקלופדיה,52
ולמחוק,52
ההפניה,52
שלהן,51
אמת,51
לפתור,51
קרא,51
ץ,51
איסור,51
שקל,51
באשר,51
לשחק,51
בכיר,51
בדבר,51
דרכו,51
לפתח,51
חוקרים,51
לקבלת,51
השיטה,51
גרם,51
רמז,51
הוחלט,51
טרם,51
ברוח,51
שאול,51
להצביע,51
שכתב,51
עבד,51
שירותו,51
לשינוי,51
הגיוני,51
הקורא,51
המקובל,51
סבור,51
הכוחות,51
תת,51
סבתא,51
המחוז,51
מסחרית,51
שוליים,51
צבי,51
במחיקה,51
ערוך,51
המומחה,51
דבריך,51
מזמן,50
אמרו,50
השניה,50
בעצמו,50
שאם,50
מקומות,50
מקובלת,50
הצליחו,50
היחסים,50
צד,50
מומחים,50
באי,50
התנהגות,50
טראמפ,50
רוסיה,50
נשק,50
מזרח,50
לילה,50
תולדות,50
תכונות,50
רופא,50
מהי,50
נפטר,50
רחוק,50
הטענה,50
החיילים,50
לסייע,50
הביניים,50
כוללת,50
גרסה,50
מתאר,50
לכולם,50
מופיעים,50
התייחסות,50
בעיצוב,50
שכך,50
חופשית,50
מהו,50
יהדות,50
כתיב,50
טבח,50
המחיקה,50
קצרמרים,50
אשתדל,50
תלוי,49
קצרה,49
מעשה,49
סימן,49
קרובות,49
מוחלט,49
הלכה,49
שפה,49
וזו,49
שאתם,49
בגרמניה,49
למשך,49
כבד,49
סופר,49
מנסים,49
יתכן,49
לקדם,49
הנה,49
ושל,49
דמותו,49
להתייחס,49
באוניברסיטה,49
קטנות,49
שינה,49
שלישית,49
בשתי,49
שניים,49
בשפה,49
המרד,49
התרבות,49
להצבעה,49
לענות,49
חנוכה,49
לשקול,49
ישירות,49
אשתו,49
תן,49
אבן,49
במרחב,49
איחוד,49
חריגים,49
יורחב,49
כתבת,49
הירושימה,49
מרגיש,48
מגיעים,48
והיה,48
לסיים,48
זוכר,48
המרכז,48
בכתב,48
למחרת,48
חקיקה,48
סמוך,48
החרדית,48
אתכם,48
בבתי,48
החוץ,48
דרום,48
סדרת,48
הרביעי,48
שירת,48
בצה,48
לכנסת,48
מחקרים,48
הגברים,48
ואפשר,48
במדינות,48
בג,48
מס,48
לקח,48
שש,48
שחקנים,48
לבנון,48
הביקורת,48
האפשרות,48
הבירה,48
סיפורים,48
המטוס,48
העץ,48
בסדרה,48
עצמך,48
הרוח,48
זאב,48
כתיבת,48
ישנן,48
לוי,48
שכונת,48
שלחתי,48
גלר,48
לאט,47
אזור,47
למצב,47
אמיתי,47
מפריע,47
דופן,47
רציני,47
הערב,47
בעמוד,47
שהן,47
נזק,47
הנוכחית,47
לחלק,47
לבטל,47
חום,47
הדם,47
להשלים,47
לשלב,47
חשב,47
אוהבת,47
כוכבים,47
שלושת,47
לספק,47
חוזרת,47
מאפשר,47
לתרגם,47
במטרה,47
אמצעי,47
אן,47
להפסיק,47
בטוחה,47
ואיך,47
מוזמנים,47
השמש,47
אופי,47
דמיון,47
הקטע,47
מדויק,47
לעסוק,47
בשום,47
טרור,47
עוזי,47
בעצמי,47
דפי,47
לעיצוב,47
המורשת,47
יוחנן,47
להכחיל,47
ההחלפות,47
שגוי,47
חלקית,46
עידן,46
ברוך,46
התחלתי,46
צדק,46
נוח,46
שאלתי,46
מתן,46
הדלת,46
להכיר,46
הנוער,46
בנושאים,46
ציבורי,46
במשפחה,46
ומי,46
לאפשר,46
בדומה,46
אנרגיה,46
לשפר,46
נקודת,46
הבין,46
פיתוח,46
בסיפור,46
יחידות,46
הממשל,46
למידע,46
אריה,46
נקודה,46
בפרק,46
עצמאי,46
דגל,46
זיכרון,46
ביפן,46
נהרגו,46
תמיכה,46
ודאי,46
מוסדות,46
דן,46
אלבום,46
מאיר,46
חברתי,46
ויליאם,46
חלל,46
בדפי,46
להדפיס,46
בחירת,46
נחוץ,46
בהצלחה,46
הפתיח,46
דרור,46
הטופס,46
הלילה,45
וללא,45
מדברים,45
ופחות,45
ההסכם,45
להאמין,45
לסרט,45
המשטרה,45
וכי,45
בציבור,45
הפועל,45
כשיש,45
לתרום,45
מחלות,45
המשיכה,45
להתמודד,45
הקודם,45
בתום,45
דור,45
תפקידו,45
אורח,45
מספרת,45
כשהוא,45
עזר,45
המדיניות,45
טבעי,45
במקור,45
ביידן,45
בתהליך,45
בשעות,45
הפרויקט,45
השלום,45
מפנה,45
משפטים,45
לקריאה,45
להשתתף,45
תראה,45
להזכיר,45
לידה,45
מופיעה,45
מורכב,45
קצין,45
זהה,45
מהיר,45
אליך,45
לינק,45
הקיבוץ,45
ימחקו,45
גנץ,45
וכמה,44
אליי,44
קשות,44
המציאות,44
סכום,44
ההודעות,44
אמורה,44
למערכת,44
החרדים,44
לציבור,44
אוהבים,44
לאדם,44
זהות,44
הנתונים,44
מצאו,44
הסיכון,44
עברי,44
אוניברסיטת,44
הראל,44
תחושת,44
בדיקת,44
טענה,44
כתבה,44
שישה,44
מר,44
השער,44
יוני,44
ערים,44
במאה,44
האמריקאים,44
הדמויות,44
לדחות,44
מסע,44
וזאת,44
חזקה,44
שלמים,44
הכבוד,44
נוסח,44
מבחן,44
בזכויות,44
בזבוז,44
זכאי,44
הצבעות,44
חלוקה,44
בלאו,44
דרוש,44
לעלות,43
סיפר,43
אלוהים,43
ביטוח,43
הכניסה,43
הפנייה,43
התחיל,43
ובו,43
הבן,43
עלולה,43
הרכבת,43
לימוד,43
הפתרון,43
נמשך,43
הכול,43
למדינה,43
לחכות,43
בנק,43
השלישית,43
האוכלוסייה,43
שדות,43
משפטית,43
בטרם,43
תרופות,43
העת,43
קולנוע,43
שאף,43
בעיתון,43
העיקרי,43
עזב,43
הופיע,43
בספרו,43
קלה,43
בספרות,43
אתרים,43
עשו,43
עדין,43
המוות,43
ביצוע,43
גרסאות,43
הכנסייה,43
עובדת,43
ביקום,43
הנשק,43
שאלת,43
תעודת,43
חטיבת,43
מוזר,43
לבזבז,43
בפריז,43
תיקנתי,43
שצריכים,43
בויקי,43
מחקתי,43
במסנג,43
שגיאה,43
לוודא,42
ויכוח,42
שכזה,42
ואכן,42
למרכז,42
מאמץ,42
ובכלל,42
סגנון,42
בתמונות,42
מצוי,42
משפטי,42
למעט,42
ההורים,42
עלול,42
מציעים,42
בעייתי,42
רשת,42
ליום,42
המדובר,42
אירוע,42
לקורא,42
חיובית,42
קדימה,42
תקף,42
ובעיקר,42
המשיכו,42
בהצבעה,42
המומחים,42
מערך,42
הוסיף,42
בנייה,42
שלב,42
חם,42
ספרי,42
בתוכנית,42
פנימי,42
הג,42
מדריך,42
השתתף,42
פותחים,42
אוסיף,42
להכנס,42
להחליט,42
מיותרת,42
הודו,42
החשיבות,42
לשכתב,42
לימודיו,42
שיעור,41
עצוב,41
שייך,41
נאמר,41
שרק,41
ברמה,41
ונראה,41
המשפטי,41
איכות,41
חרדים,41
הזדמנות,41
להראות,41
הורה,41
הגבול,41
צפון,41
מוסד,41
סוגי,41
המשמעות,41
הסכמה,41
להפנות,41
מרחב,41
באוגוסט,41
הקודמת,41
במלחמה,41
הביא,41
בשר,41
נפתח,41
עזה,41
לימים,41
אח,41
החדר,41
העלילה,41
השונות,41
לאו,41
להוכיח,41
הר,41
המצאה,41
הישיבה,41
עמוס,41
האחריות,41
סתירה,41
ביאליק,41
מתנגד,41
זכר,41
רשום,41
חיות,41
פסקה,41
הערים,41
אודה,41
תוסיף,41
הסקריפט,41
ציטוט,41
ההערה,41
ציר,41
הלך,40
נעים,40
הולכת,40
זוכרת,40
וזהו,40
עין,40
בניין,40
באו,40
תקין,40
מסוגל,40
ילדה,40
השינויים,40
מבינה,40
בשירות,40
ישר,40
חסרת,40
כביש,40
צדדים,40
הוקם,40
באחד,40
זוכה,40
צעירים,40
שנראה,40
ראשונה,40
העיקרית,40
הכסף,40
ובכן,40
משבר,40
שיכול,40
הפכו,40
דעתו,40
מעטים,40
הנדרשים,40
החמישי,40
הבאות,40
שורות,40
יחיד,40
בטעות,40
כניסה,40
להתקיים,40
אדומים,40
מטרה,40
בודד,40
תוכלו,40
מוצלח,40
יושב,40
מונח,40
פניה,40
עיניו,40
האדום,40
גאוגרפיה,40
המקדש,40
היסטורית,40
דיו,40
האנושית,40
העות,40
בריטניה,40
נוהג,40
מטה,40
ברורים,40
אמו,40
תגיד,40
פרוייקט,40
חושן,40
התבניות,40
לתבנית,40
טרול,40
גבר,39
הבניין,39
שישי,39
סיכוי,39
מחלת,39
האזור,39
לשבת,39
לתקופה,39
רשמית,39
יחסים,39
ואחרים,39
והאם,39
אוטומטית,39
הצבת,39
אזהרה,39
לוותר,39
הנאה,39
ציבורית,39
כללים,39
עבודת,39
זר,39
הלאה,39
הרוב,39
הופיעו,39
דומים,39
ידועה,39
חוזרים,39
לנשים,39
לעזוב,39
כוכב,39
השחקנים,39
מנהיג,39
אסף,39
בערב,39
כף,39
משך,39
נדה,39
מורכבת,39
הצד,39
משתנה,39
צלב,39
עליהן,39
אחראי,39
כדורגל,39
ברשימה,39
חוקית,39
פרקים,39
לנסח,39
בקישורים,39
המלוכה,39
לעדכן,39
פנייה,38
לדרך,38
נפש,38
חומרים,38
לפרסם,38
בענייני,38
בחיי,38
חייהם,38
חשמל,38
פורנוגרפיה,38
פורום,38
סנט,38
לטיפול,38
הדמות,38
מזל,38
המודעות,38
המסחר,38
הקיים,38
המשחקים,38
לזכור,38
ראובן,38
בגין,38
יסוד,38
קטעים,38
לייצר,38
החליטה,38
גל,38
במאי,38
עומדת,38
למלחמה,38
שיטה,38
דובר,38
דת,38
שער,38
לארצות,38
תרומות,38
ניכר,38
ולמה,38
רכש,38
הדו,38
מתאימה,38
פניו,38
המקורית,38
הצטרפו,38
הראשונות,38
ואחד,38
הופכים,38
עשרים,38
האוניברסיטה,38
פירוש,38
לחסום,38
נסה,38
קראתי,38
ידו,38
העובדת,38
שטויות,38
האנציקלופדיה,38
למחיקה,38
מונחים,38
פליטים,38
בתרגום,38
חתימה,38
בקיבוץ,38
הידעת,38
שמת,38
קופר,38
אעשה,37
בבוקר,37
הכללי,37
שנייה,37
נו,37
ויפה,37
הקרובה,37
הציע,37
קובע,37
שמא,37
עלו,37
חמור,37
ישיבת,37
מגוון,37
יוכלו,37
שמי,37
מכירים,37
דמי,37
הערבית,37
עשויה,37
נתון,37
הבינלאומי,37
החליטו,37
הטובה,37
לזכות,37
ב־,37
נמצאו,37
הפתיחה,37
הקטן,37
העובדות,37
התקבלה,37
כלכלית,37
החשוב,37
העלה,37
האנרגיה,37
האמריקני,37
חוזה,37
קצרים,37
ההודעה,37
הפוליטית,37
בחוק,37
דניאל,37
מרדכי,37
איראן,37
כולה,37
המדע,37
ישן,37
היהדות,37
נשלח,37
אג,37
מוזיקה,37
שולחן,37
חיוביות,37
הסוף,37
אירועי,37
יצר,37
סן,37
קובץ,37
כלם,37
סקוטלנד,37
הערה,37
דיסק,37
טענות,37
פונקציה,37
מהבית,36
שמואל,36
ביטחון,36
להחזיק,36
חיה,36
עצמית,36
יצאה,36
מפעל,36
אנטי,36
שהייתי,36
ירד,36
הדעת,36
העוסק,36
שאינה,36
אב,36
חידוש,36
ריכוז,36
שעדיין,36
לברר,36
לאף,36
הכותב,36
ואמר,36
שערך,36
ענף,36
קוריאה,36
מבני,36
מיום,36
להלן,36
ציבור,36
התוצאה,36
תזונה,36
להגדיר,36
מכונה,36
האדמה,36
סעיף,36
האוצר,36
הכוכבים,36
בכנסת,36
מועצת,36
שיתוף,36
בחירות,36
העברת,36
הצוות,36
לסדר,36
בחר,36
רוטשילד,36
חלב,36
המוח,36
הקיץ,36
מבוסס,36
יצרו,36
התפתחות,36
מייקל,36
הבסיס,36
התנאים,36
רובם,36
למספר,36
מבית,36
המיתוס,36
מפורט,36
להגיב,36
אפשרויות,36
האומה,36
בעצמך,36
הקדוש,36
כללית,36
פסק,36
הידע,36
בוא,36
פעל,36
ורדן,36
אסיר,36
צבאיים,36
ואגב,36
מדע,36
נימוק,36
עריכות,36
בלונדון,36
הירח,36
הלכת,36
היפנית,36
ויקיפדית,36
לתמונה,36
בוויקי,36
העמוד,36
פירוט,36
חסום,36
הידיעה,35
מקומו,35
לנהל,35
בעיניים,35
הנחה,35
בתחילה,35
לשכנע,35
שיחות,35
בתגובה,35
השקט,35
והנה,35
החלטת,35
מסויים,35
הכלל,35
שרוב,35
העיתון,35
הטלוויזיה,35
לרשות,35
לדבריו,35
הצליחה,35
מבינים,35
לצפות,35
הוביל,35
הקרובים,35
בכפר,35
המועצה,35
המעבר,35
להתעלם,35
ידעו,35
ואחרי,35
שב,35
נדרש,35
המקורות,35
שמן,35
מצרים,35
המקרה,35
הקולנוע,35
קשים,35
לשאת,35
המחשבה,35
רצון,35
מדעי,35
סיבות,35
לשתי,35
שלישי,35
המאבק,35
חלקיקים,35
קולות,35
פועלים,35
הרצוג,35
הלוחמים,35
המזון,35
לבריאות,35
תיקון,35
זוגות,35
שעדיף,35
המרכזית,35
בפרט,35
רגל,35
אירלנד,35
החוצה,35
אחדים,35
התרגום,35
בראשו,35
בצירוף,35
חשיבותו,35
נדחתה,35
שאנו,35
ממתי,35
המין,35
מסכת,35
חוות,35
שכחת,35
פסח,35
הכותרת,35
השדה,35
קנה,35
נכתבו,35
לונדון,35
נאלצתי,35
הפצצות,35
המורחב,35
הפארק,35
ברוקס,35
זרים,35
במחוז,35
שניות,34
בוקר,34
הסיבות,34
עליי,34
הפנימי,34
כחלק,34
ההוא,34
לכמה,34
גרועה,34
רגילה,34
בנות,34
סמכות,34
בנימין,34
לממשלה,34
היסוד,34
נועד,34
מיכל,34
וכדומה,34
אינטרנט,34
הדור,34
אחריות,34
תופעה,34
כשהיא,34
הספורט,34
נערך,34
חלקו,34
הרקע,34
הפעילות,34
התעשייה,34
תקדים,34
מלמד,34
ענק,34
לומדים,34
היותר,34
יפו,34
עסקים,34
השתמש,34
נוכחות,34
מחלה,34
מסודר,34
בים,34
בקיץ,34
נרחבים,34
שלטון,34
קיצוני,34
רישום,34
זקוק,34
השתנה,34
השורה,34
ישראליים,34
יעשה,34
שיטות,34
הגרסה,34
נראים,34
לדוגמא,34
המדבר,34
פותח,34
באוקטובר,34
גיוס,34
צורות,34
העשרים,34
ספריו,34
היחס,34
הבעיות,34
פרסומת,34
רעש,34
מערב,34
פרופסור,34
האמריקאית,34
השעה,34
חיבור,34
זכור,34
התוספת,34
ממשלה,34
חסרה,34
מינית,34
המשתתפים,34
שוק,34
עשית,34
הקו,34
פילוסופיה,34
מפעילים,34
בקול,34
המערה,34
האחת,34
בקישור,34
בדוק,34
אריאל,34
חולק,34
תמצא,34
בוצעו,34
מורחבים,34
זמני,34
מבחינתך,34
שנמחקו,34
אערוך,34
תשובתי,34
אימייל,34
רוזן,34
ולמלא,34
שנמצא,33
הדעות,33
הביאה,33
נעשו,33
עיניים,33
וכמובן,33
דלת,33
דיברתי,33
העבר,33
ועכשיו,33
מכירה,33
יוצאת,33
התגובה,33
האישי,33
אתרי,33
באותם,33
החדשים,33
מאלה,33
אסיה,33
משותף,33
שפת,33
מעולה,33
מצוין,33
שהגיע,33
מתקיימת,33
לעצמו,33
ראויה,33
מדעית,33
עצום,33
בלשון,33
האקדמיה,33
ענה,33
הופעות,33
הטובים,33
לימודי,33
מוגדר,33
בצורת,33
אישיות,33
מוביל,33
מקבלת,33
בכלי,33
האזרחים,33
הליגה,33
הצעות,33
שרד,33
אוסקר,33
במערב,33
בחיל,33
גילה,33
לנשיא,33
לבקר,33
השבת,33
העפילה,33
מסך,33
בצבע,33
בוש,33
בוושינגטון,33
הישן,33
תרומה,33
ראתה,33
דומות,33
לוחמים,33
לקנות,33
הכללים,33
הרחוב,33
דתית,33
משלו,33
ההר,33
יובל,33
פריז,33
חמורה,33
רשיון,33
נוצרים,33
לנסוע,33
בצבא,33
האוכלוסין,33
יבוא,33
מומלצים,33
הפורטל,33
בבא,33
פסקאות,33
בהתנדבות,33
בלוח,33
הפניות,33
ארלס,33
העובד,33
מספקים,33
גלובוס,33
הגרסאות,33
וחבל,33
מהותי,33
הראש,32
שקרה,32
סניף,32
מדברת,32
ואחר,32
הבוקר,32
לחדר,32
בכדי,32
אפשרית,32
קשורים,32
מתחילה,32
נותנים,32
בקושי,32
הצעתי,32
קיבלה,32
חובת,32
הודיע,32
החלטות,32
מגיעה,32
מסביר,32
המערכה,32
הורים,32
סביבה,32
ברמת,32
בסיום,32
תעשה,32
האירועים,32
נמוכה,32
בפעילות,32
תום,32
שיא,32
מוות,32
כתבי,32
עוסקים,32
היד,32
לדברי,32
מסביב,32
לעתיד,32
השאלות,32
קיבלו,32
מטר,32
באליפות,32
הקריירה,32
התפקיד,32
שיחק,32
בחייו,32
התהליך,32
כספי,32
להגנת,32
עיקר,32
נערכו,32
המשימה,32
בשבת,32
במרחק,32
עדויות,32
הידוע,32
בלב,32
שמע,32
שפות,32
משל,32
שיותר,32
השטח,32
שזהו,32
בולט,32
פתוחה,32
קרבות,32
מלכתחילה,32
הדגל,32
מגלה,32
שואל,32
לדברים,32
מבוססת,32
שרוצה,32
בשאלה,32
האופן,32
ביקשתי,32
תחנת,32
העיניים,32
ההגדרה,32
פרה,32
מילא,32
מנחם,32
כיבוש,32
שרידי,32
חלה,32
האקלים,32
תלמיד,32
מיוחדים,32
המזרח,32
הערבים,32
ערן,32
מחק,32
בכתיבת,32
חש,32
אחידות,32
שיקול,32
למשפחת,32
תקן,32
מטרת,32
ממילא,32
להצטרף,32
מוצג,32
נפוצה,32
הצורה,32
האופוזיציה,32
למיטב,32
הנוסחה,32
אזרחות,32
אטום,32
שלפני,31
עוברים,31
להפריד,31
מועד,31
מתקשה,31
למות,31
הטלפון,31
הסתם,31
יומיים,31
ביקש,31
קשרים,31
זמנית,31
הנושאים,31
אהיה,31
הציבורית,31
היועץ,31
ארוכות,31
בתנאי,31
שאמר,31
הגישה,31
במשחקי,31
בבני,31
להסתיר,31
מכבי,31
כיף,31
בפברואר,31
תוקף,31
בריא,31
האל,31
שנכתב,31
בינינו,31
שבהן,31
ניצח,31
שלילי,31
הרווח,31
בפרויקט,31
וחלק,31
בודדים,31
המועדון,31
פול,31
פתוחים,31
הקהל,31
בכוח,31
סוחר,31
מרד,31
כוכבא,31
מחכה,31
מכון,31
בגן,31
ייעוץ,31
איטליה,31
יוצאים,31
לוחם,31
הקרקע,31
בשיתוף,31
להתגורר,31
ריק,31
במהרה,31
לתפוס,31
סדרות,31
הנקודה,31
נרחבת,31
אפס,31
מקצועיים,31
הבדואים,31
פרץ,31
במילה,31
המנדט,31
בסמוך,31
צחוק,31
זיהוי,31
לצבא,31
חברתית,31
מקיף,31
ברשימת,31
ברזיל,31
במובן,31
אזרחי,31
שואלים,31
נולדה,31
תחרות,31
ראשו,31
ההוצאה,31
הראשית,31
מסלול,31
למשפט,31
עליכם,31
גמל,31
להירשם,31
סבירה,31
מחיקת,31
לקטגוריה,31
למרחב,31
בשפות,31
בדרגת,31
פרטית,31
אינסולין,31
יעלי,31
יחידה,31
נמחקים,31
לשונית,31
הפיצוץ,31
וויקיפדיה,31
הויקיפדיה,31
לצרף,31
הבוט,31
הקטגוריות,31
וגדל,31
שבא,30
להפעיל,30
קיבוץ,30
המקומות,30
לתאר,30
מאיתנו,30
לרדת,30
החברות,30
טלפון,30
מסתבר,30
הבתים,30
חשבו,30
מוכרים,30
עקרונית,30
הרבנים,30
חרדי,30
גילו,30
מחיר,30
פנימה,30
בעונה,30
מורה,30
צפוי,30
להימנע,30
הבנייה,30
בירת,30
ממשל,30
גמר,30
הגמר,30
האישית,30
ניצב,30
לשבח,30
בגדר,30
ניתוח,30
שנערך,30
בימינו,30
הינה,30
משותפת,30
בתחתית,30
ספור,30
ארוכים,30
שהתשובה,30
תומך,30
להילחם,30
כוונה,30
מציין,30
בחצי,30
התפילה,30
פיקוח,30
המודרנית,30
יופי,30
כלים,30
המטוסים,30
מוצרי,30
לחם,30
בעלה,30
צריכות,30
האב,30
בזמנו,30
דרישה,30
הכשרה,30
לסיום,30
ף,30
מוסיפים,30
בשדה,30
לשחרר,30
ידועים,30
בשקט,30
עוברת,30
לחיים,30
חייל,30
הארי,30
לאחור,30
בחירה,30
תנאים,30
באזורים,30
במצדה,30
באפריל,30
להמציא,30
המשפטים,30
הארוך,30
פולחן,30
מאנית,30
הנכונה,30
מלחמות,30
בדצמבר,30
נפצעו,30
התחבורה,30
אפלו,30
בפיירפוקס,30
חיפשתי,30
גרעיני,30
המיזם,30
חינוכי,30
להעתיק,30
גוש,30
מדף,30
כנ,30
אדוארד,30
שציינת,30
צדדי,30
עקרוני,30
קרוי,30
למדתי,29
ואנחנו,29
מוכנה,29
לישון,29
יישאר,29
להשפיע,29
מצליחה,29
מטבע,29
מכשיר,29
לעצמה,29
מטרים,29
מכתב,29
שניה,29
בד,29
מבטיח,29
לחברה,29
בחשבון,29
להרגיש,29
להטיל,29
מפגש,29
הפרדה,29
לפרסום,29
תכנים,29
במאמר,29
מהסוג,29
מהבחינה,29
משפחתי,29
נהדר,29
מכם,29
העולמי,29
בחודשים,29
ממשיכים,29
קצב,29
החדשות,29
המערבי,29
לפעילות,29
תוכניות,29
כמוך,29
במפורש,29
מועמד,29
תופעות,29
ההיסטורי,29
מתקופת,29
נכתבה,29
שולח,29
לרוץ,29
פשוטים,29
ניהול,29
שיצא,29
צפויים,29
בתנאים,29
פגם,29
שיפור,29
לטווח,29
המשרד,29
העלאת,29
בקבוצה,29
הכנסה,29
הגדולות,29
כשאתה,29
בעידן,29
הישג,29
חוף,29
הנבחרים,29
רשאי,29
שהדבר,29
בנושאי,29
מפעילי,29
פורים,29
קורונה,29
להבהיר,29
בעיניי,29
חיילי,29
עצמאית,29
חופשיים,29
לשתות,29
הצרפתי,29
הקטנה,29
רבנים,29
מפלגה,29
כולן,29
שירותי,29
ליצירת,29
טבע,29
להכין,29
נבנה,29
שמעו,29
מסיבה,29
ן,29
שרוצים,29
לשון,29
הדיונים,29
לומד,29
תיאטרון,29
העיקר,29
שעון,29
בידו,29
לירושלים,29
לשפוך,29
תועלת,29
האנושי,29
להמשך,29
גורן,29
באף,29
המינים,29
ביהדות,29
הרצל,29
ציוני,29
ממס,29
מסחר,29
בואי,29
התעופה,29
המשנה,29
השכונה,29
בהודו,29
למדה,29
הקיסר,29
מוזיאון,29
שהעלית,29
בהוצאת,29
והערך,29
לעריכה,29
אינספור,29
פולין,29
סקרלט,29
נקבר,29
המתאים,29
שערכת,29
אמרת,29
מיזמי,29
נוי,29
נהרג,29
להזיז,29
סימפסון,29
הפיסקה,29
החסימה,29
טעויות,29
האחראי,29
קרדיט,29
טרומן,29
נהרה,29
שבעה,28
פונה,28
זבל,28
השמות,28
מוצרים,28
לחתום,28
חמישי,28
מתנגדים,28
לאנשי,28
הולנד,28
באיטליה,28
תא,28
יתרה,28
יעיל,28
ציין,28
הוקמה,28
שושלת,28
התושבים,28
היכולת,28
ברזל,28
היקף,28
הקשה,28
פברואר,28
מעניינים,28
הסיפורים,28
מודע,28
באחת,28
מצליחים,28
המטה,28
בבעיה,28
מוטב,28
המקצועי,28
שאוכל,28
יגיע,28
לעובד,28
סירב,28
רביעי,28
וב,28
הגרמני,28
שאותו,28
למסקנה,28
הכינוי,28
היותו,28
במים,28
פועלת,28
מסודרת,28
המפה,28
ניסו,28
סטודנטים,28
גילוי,28
דיברנו,28
פסל,28
הולכים,28
המשפחות,28
הבכורה,28
חריג,28
דתיים,28
בתו,28
טקס,28
סרטי,28
לשלושה,28
להקים,28
בערוץ,28
שקורה,28
עולים,28
לעודד,28
הקוראים,28
עבודתו,28
הפרה,28
המוזיקה,28
וצריך,28
שיעורים,28
הכביש,28
הדת,28
בארגון,28
במדבר,28
רפואה,28
הדרומי,28
פופולרי,28
הרחב,28
מבנים,28
המוסד,28
קריאה,28
הכללית,28
ראויים,28
אדלר,28
מסחריים,28
הגרמנים,28
המבצע,28
השינה,28
אמנות,28
המהפכה,28
שנוי,28
הוקמו,28
התופעה,28
המקצוע,28
הערבי,28
העמים,28
בכדורגל,28
אישים,28
בך,28
נקראת,28
הכלב,28
הוציא,28
לקחה,28
רוק,28
הנאצית,28
הבריטים,28
אליעזר,28
עקרונות,28
התלמידים,28
לנהוג,28
האשה,28
הכתיב,28
לפרס,28
רוזוולט,28
זרם,28
נותרו,28
גולדברג,28
הצביעו,28
השכלה,28
חקר,28
ציור,28
שבדיה,28
אמיר,28
הוק,28
כתובת,28
הוסף,28
כלברה,28
ציטוטים,28
אנס,28
בדקתי,27
ובית,27
נס,27
עשתה,27
עברתי,27
שנקרא,27
סבל,27
בתוקף,27
השפעות,27
שהיתה,27
מספקת,27
לגור,27
לשתף,27
רושם,27
מתייחס,27
עורכי,27
בספטמבר,27
קשורה,27
נהג,27
מדויקת,27
ברב,27
מחשבים,27
שילוב,27
פנאי,27
מעשית,27
לרכוש,27
כרטיס,27
בליגה,27
באולם,27
להציב,27
בתקשורת,27
קראו,27
העלייה,27
ניכרת,27
מטרות,27
במציאות,27
שעברה,27
בתפקידו,27
תפקידים,27
ה־,27
מגן,27
לשאלות,27
בקבוצת,27
השישי,27
במחקר,27
להתייעץ,27
שנכתבו,27
קושי,27
כאב,27
משמעי,27
הנפש,27
ובני,27
ראשוני,27
תשע,27
מנצ,27
ביוני,27
הרביעית,27
באנגליה,27
הקודמים,27
לגעת,27
עתיד,27
שעליו,27
מחלקת,27
עיתונאי,27
הספרדים,27
שאינן,27
לעוד,27
מוזכר,27
המועד,27
נרצחו,27
שפחות,27
היסטורי,27
ספורים,27
היי,27
סמכויות,27
אהוד,27
בשלום,27
מלוא,27
יוון,27
הבנק,27
פורסמו,27
ציוד,27
אה,27
החיסון,27
למרבה,27
ללמד,27
פוסט,27
עמודים,27
הבריטית,27
בתוכו,27
ששמת,27
הסרטים,27
שראיתי,27
עיתון,27
ישיר,27
ששת,27
היות,27
בינלאומי,27
ולו,27
יהושע,27
דוגמא,27
תורת,27
מזו,27
הנרי,27
תביא,27
בכמות,27
שחרורו,27
צר,27
הגרמנית,27
לזמן,27
קריטריונים,27
תפיסת,27
ראי,27
ובכך,27
החזק,27
גוריון,27
שמעון,27
לכתיבת,27
האפל,27
צמחים,27
לשאר,27
תפילה,27
גר,27
קריית,27
הרוסית,27
נפגעו,27
הכה,27
שזאת,27
תנועות,27
שיצאו,27
בתחרות,27
המקצועית,27
פרלמנט,27
בוויקישיתוף,27
שכונות,27
הנוסח,27
גבעת,27
שצריכה,27
כתובים,27
מאיפה,27
נחל,27
עמנואל,27
לואי,27
ויקישיתוף,27
קיבלת,27
ויקיפדי,27
תשובתך,27
בשבילי,26
ולעשות,26
ובלי,26
מעניינת,26
הרגשתי,26
שתיים,26
מודה,26
וטוב,26
ואינו,26
וראה,26
מהלך,26
לנצח,26
מרגישה,26
מגיל,26
מחזיק,26
משתתפים,26
התיקון,26
שבכל,26
שנעשה,26
ישיבה,26
המיניות,26
טוענים,26
מניעה,26
חירום,26
נקבע,26
רכבת,26
נסגר,26
האחד,26
ההלכה,26
לאמץ,26
אלקטרוני,26
מוגבל,26
להוביל,26
הכלכלי,26
ולפעמים,26
למשוך,26
בטיפול,26
לסגור,26
לבחון,26
הצפון,26
האפשר,26
החוף,26
הפגיעה,26
יצור,26
תעופה,26
פוגע,26
מרשים,26
כשר,26
בכירים,26
שוויון,26
מנכ,26
רמות,26
מסוימות,26
המכונה,26
הזמנים,26
קלות,26
סוכר,26
נח,26
בצרפת,26
סטר,26
החליף,26
מועדון,26
מאתר,26
בתולדות,26
הוכחות,26
צפויה,26
לכלול,26
הבלתי,26
התנ,26
הנחיות,26
ידיעות,26
הופכת,26
חרף,26
מטוס,26
רחבי,26
ספטמבר,26
הרומית,26
בדיחה,26
סוגים,26
נהגו,26
קהילה,26
ממוצא,26
מגדל,26
לרשימה,26
קר,26
אנר,26
מהירות,26
משימה,26
דפוס,26
שטחים,26
ארגוני,26
תביעה,26
ובנוסף,26
העתיד,26
שאמרתי,26
הזכויות,26
המייל,26
להציל,26
להבחין,26
אריק,26
בסלון,26
גבוהים,26
בארגז,26
בבסיס,26
הצרפתית,26
ואנשי,26
המוזיאון,26
דב,26
המצור,26
בחינוך,26
מטבעות,26
כשנה,26
התוקף,26
שרידים,26
למלחמת,26
בכתיבה,26
נוספו,26
גדלה,26
הגר,26
בלא,26
חלש,26
תמונת,26
בבריטניה,26
נקבעו,26
הרווחת,26
נועדה,26
הוריו,26
מתקיים,26
רעיונות,26
חילוקי,26
ולהוסיף,26
חיו,26
ארגונים,26
תפילת,26
הסברים,26
חשמלי,26
חישוב,26
בריטי,26
בהיותו,26
מחנה,26
קופת,26
זכותו,26
קודמות,26
מהערכים,26
המשתמשים,26
החוקים,26
נהר,26
להלחם,26
קבל,26
עוזר,26
ומתי,26
אחדות,26
מסיבות,26
אלמוני,26
פטירתו,26
פרופורציה,26
הקברות,26
גירוש,26
איפוא,26
במושג,26
פיזיקה,26
סקריפט,26
פומבי,26
בדחיפות,26
פיוטר,26
גדוד,26
הקובץ,26
ויקימדיה,26
לוגו,26
בנצרות,26
התכוונתי,26
קולה,25
אלינו,25
חזרו,25
וכבר,25
אמיתית,25
חלילה,25
ניתנת,25
חיסכון,25
המסך,25
לאסוף,25
שאחרי,25
נותנת,25
סיכון,25
נדיר,25
מוכנים,25
מעורבים,25
באים,25
מתברר,25
ביטול,25
מינימום,25
האירופי,25
התוצאות,25
עשויים,25
מסכימים,25
אמורים,25
המחלה,25
דיבר,25
יגיעו,25
שכולם,25
יולי,25
חלוקת,25
אופציות,25
ינג,25
התברר,25
אוכלוסייה,25
גלי,25
הטבלה,25
רוברט,25
כוחו,25
רחבה,25
חשד,25
הקיימים,25
איתן,25
הגשת,25
חשיפה,25
מאותה,25
שחלק,25
סיוע,25
הנער,25
מסוכן,25
כיהן,25
ראיות,25
מיליוני,25
מלח,25
וכמעט,25
הועבר,25
בגובה,25
לפיה,25
גובה,25
בנובמבר,25
ההסבר,25
הגורמים,25
קיומו,25
טענו,25
מורשת,25
חבריו,25
להרוס,25
דעתם,25
עמוקה,25
מעורב,25
הנוסעים,25
הרומאים,25
חביב,25
תצפית,25
לענייני,25
אמריקאי,25
גזע,25
הצטרף,25
אנג,25
מאפשרת,25
כחולים,25
יעזור,25
קוד,25
פעילים,25
עמו,25
לאותו,25
נודע,25
ספרותית,25
בפומבי,25
סלינג,25
הספרות,25
במייל,25
החיבור,25
יאיר,25
מבטו,25
השבעים,25
מיותרים,25
צירוף,25
כרגיל,25
ארוחת,25
קהילות,25
המדעי,25
לטעון,25
החבר,25
המלכה,25
גידול,25
איזשהו,25
נמשכת,25
תחבורה,25
בתחומים,25
הצדקה,25
נדחה,25
קרובים,25
יצירות,25
היצירה,25
קטע,25
עותקים,25
בחיפוש,25
אלימות,25
חברתיים,25
מפורסם,25
זניחה,25
מפלגת,25
להתרכז,25
מרטין,25
ארתור,25
הקודש,25
נשארו,25
מאה,25
מגורים,25
התשלום,25
אינכם,25
צו,25
העדר,25
הלימודים,25
בראשה,25
למשחקים,25
פורסמה,25
קאסם,25
ופילוסופיה,25
ענייני,25
קסון,25
אלכס,25
פרנסיסקו,25
בחינה,25
תורגם,25
ההפניות,25
לוויקישיתוף,25
ויילס,25
ספינות,25
ממוקם,25
דיסני,25
וסטמינסטר,25
הוכחת,25
לדחוף,25
יישוב,25
עקרון,25
בבאר,25
שילמתי,25
תם,24
הקטנים,24
מות,24
חכמים,24
נהיה,24
העובדים,24
שקט,24
ידיים,24
יצליח,24
בשידור,24
ביתי,24
למשרד,24
לראש,24
מנהלים,24
הבנה,24
כותרת,24
עלתה,24
סף,24
מחשבה,24
מקרי,24
קלים,24
האמריקנית,24
משטרה,24
ידה,24
להזמין,24
שחשוב,24
אוסטרליה,24
לחבר,24
במגוון,24
שערים,24
רחובות,24
זקוקים,24
רלוונטית,24
בניסיון,24
בסין,24
ובהם,24
הרף,24
סימני,24
שקיים,24
הכלים,24
מקצועית,24
פסוק,24
הפיקוד,24
פעולת,24
לתחום,24
שוחד,24
שראוי,24
התכוון,24
שלילית,24
ואל,24
מאגר,24
שהגיעו,24
לנשיאות,24
בדיוני,24
קבלה,24
צער,24
הערכה,24
צמוד,24
הציג,24
הקבוצות,24
הקודמות,24
סיטי,24
הזכייה,24
קיצוץ,24
יעבור,24
ערוץ,24
מטעה,24
מתבצע,24
הממלכה,24
ובה,24
המחלוקת,24
המודרני,24
בתאריך,24
כיסוי,24
נהדרת,24
פרש,24
אזרח,24
הותיר,24
התואר,24
מאבק,24
מאותו,24
לרבות,24
הכיר,24
מכוער,24
בהיקף,24
לשחקן,24
מדהים,24
חולקים,24
רכישת,24
הכדורסל,24
לקבוצה,24
בפתח,24
המגדל,24
הערת,24
הנגיף,24
מוכרת,24
פאולוס,24
האינפלציה,24
לשרת,24
איכשהו,24
ברורות,24
לתשומת,24
יצירה,24
השתתפו,24
משנת,24
השראה,24
הרגע,24
שכבות,24
שנוצרו,24
סימון,24
בגדים,24
לאיזה,24
הרצפה,24
אכפת,24
אבו,24
עסקו,24
לוחמי,24
נותרה,24
הארמון,24
נניח,24
הצפוני,24
המטבע,24
מצויין,24
לסוף,24
והשני,24
המסחרי,24
מתמטיקה,24
הראוי,24
בטווח,24
אדמה,24
סביבו,24
קונצנזוס,24
הפולחן,24
בולגקוב,24
לאיש,24
השירים,24
היטלר,24
הסכים,24
עוז,24
הוסיפו,24
נערכה,24
בפורטל,24
הודעת,24
צבאיות,24
לולי,24
להשאר,24
ברוסית,24
עזבו,24
תנסה,24
להסכים,24
למשתמש,24
פטרבורג,24
הכיבוש,24
לשלטון,24
פורמלית,24
פיצוץ,24
האפיפיור,24
שמועות,24
גאורגיה,24
להקמת,24
השתמשת,24
גואל,24
נפוליאון,24
נתקלתי,24
להגזים,24
חושש,24
מקסימום,24
קש,24
עיין,24
יצרתי,24
חשבת,24
סמית,24
החללית,24
להריץ,24
מחטף,24
החרמון,24
פלאנק,24
וההגירה,24
דיטה,24
ביד,23
לוקחים,23
להורים,23
עקיבא,23
חזרתי,23
אחרון,23
החלטתי,23
דוחה,23
הדואר,23
מבחינתו,23
בכבוד,23
לאהוב,23
לעצמי,23
כידוע,23
כשהיה,23
ובא,23
נתתי,23
דעתכם,23
לשנה,23
מביא,23
בושה,23
יועץ,23
לאזור,23
מקצועות,23
ובמיוחד,23
חלום,23
מקומי,23
לגייס,23
הפרטי,23
הגורם,23
במרץ,23
עלייה,23
המקומית,23
הרפואי,23
הרפובליקה,23
הכלכלה,23
קרל,23
האופציות,23
לקיום,23
מטוסים,23
פיקוד,23
לאי,23
בערכי,23
הוראות,23
להפך,23
למנות,23
שפורסם,23
הגבוה,23
תרופה,23
הלוואי,23
לשלום,23
שמים,23
חז,23
להשוות,23
לפניו,23
גור,23
סדרה,23
בעיית,23
לאישה,23
לשום,23
לזהות,23
כמוני,23
מאפיינים,23
שייכת,23
עבורו,23
נכשל,23
בגביע,23
נגיד,23
לצה,23
הטיסה,23
להבטיח,23
לרב,23
מעלות,23
שלט,23
ליהודים,23
ניצחון,23
מיזם,23
חיינו,23
מוחלטת,23
הכבידה,23
גופה,23
הוצאו,23
בוצע,23
חברון,23
באמריקה,23
מתרחש,23
טבעיים,23
ברוקולי,23
מספק,23
הקרן,23
יהודיים,23
האות,23
הרצח,23
הישראלים,23
הכרחי,23
הפועלים,23
דירוג,23
בקצב,23
עבורי,23
בשינוי,23
להשקיע,23
להמתין,23
לביטוח,23
סמך,23
אחותו,23
פוליטיקה,23
קידום,23
הקול,23
נעלם,23
הרחבה,23
קניות,23
שרון,23
מעביר,23
מחשבות,23
זמנו,23
שחזרתי,23
מודרנית,23
אוכלוסיית,23
בשוק,23
יקבל,23
הוכחה,23
אמין,23
החיל,23
והיו,23
המשלחת,23
יוצאי,23
אשה,23
סבא,23
ביצע,23
סקירה,23
משתנים,23
כראוי,23
ניר,23
לרמת,23
חמאס,23
שירה,23
לשיר,23
לצלם,23
לביצוע,23
נוטה,23
תומכי,23
לדרוש,23
במצבו,23
שבאמת,23
בצער,23
הגולן,23
הצהרת,23
ממלא,23
חיבר,23
ולהתחיל,23
התאריך,23
קווי,23
חיוך,23
צור,23
ציבוריים,23
שירותים,23
האסיר,23
עונש,23
דרכי,23
נציג,23
דרישות,23
הרישיון,23
ההחלפה,23
הרעש,23
וכד,23
חוזרות,23
בשכונה,23
דוקא,23
הזקן,23
אחיד,23
האחות,23
לחינוך,23
החופשית,23
לתואר,23
הקתולית,23
ארכאולוגיה,23
האצולה,23
לתמונות,23
נמנה,23
בצבעים,23
העברתי,23
תקציר,23
הרנסאנס,23
תתקבל,23
רשומים,23
פתחת,23
הצי,23
הקים,23
לאיחוד,23
בירוקרט,23
הוצבה,23
בתואר,23
דוקטור,23
אוקספורד,23
הורחב,23
פסולה,23
השחתה,23
שהדף,23
צפת,23
אילן,23
ידיעתי,23
רדיקלי,23
שעשית,23
שארל,23
צהוב,23
בטקסט,23
מועיל,23
עודד,23
האן,23
סטלין,23
וואלה,23
סלוניקי,23
בחור,22
יראה,22
הליכה,22
ודרך,22
שרה,22
בשלוש,22
כליל,22
המדרגות,22
הפוך,22
ואינה,22
שהפך,22
העדפתי,22
הגעתי,22
במבט,22
ההתנהגות,22
בתשלום,22
חפצים,22
גרים,22
לפרט,22
הרצון,22
ישאר,22
יעלה,22
עניינים,22
בעניינים,22
מזג,22
המפגש,22
באור,22
גורף,22
נעשית,22
הרבים,22
לואיס,22
לקהילה,22
לאתרים,22
עור,22
ודי,22
בסעיף,22
האדומים,22
פיליפ,22
חיוני,22
שותף,22
הפשרה,22
למניעת,22
מגע,22
לגיל,22
הקשים,22
השירותים,22
והגיע,22
לדרום,22
גביע,22
שנינו,22
הדוגמה,22
עבירה,22
נגדו,22
מאידך,22
התרופות,22
תוספת,22
בהשוואה,22
ההמלצה,22
לבנה,22
לעזרה,22
ולבסוף,22
המקרא,22
מוצאים,22
בתורה,22
הצופים,22
הסיכוי,22
לנצל,22
הפוליטי,22
קם,22
הרגישה,22
נפשי,22
התחלה,22
עלולים,22
מתייחסת,22
מודעות,22
המכריע,22
לים,22
גז,22
שמגיע,22
נוסחה,22
כשהם,22
רץ,22
השחרור,22
במדיניות,22
ממקום,22
קריירה,22
הספרדי,22
פוטר,22
ביולי,22
סופית,22
לבדו,22
נשא,22
בחיפה,22
בחרו,22
הקמפיין,22
ספציפית,22
להודות,22
אט,22
להשיב,22
ושאר,22
שואה,22
הבנת,22
מאנשי,22
מאי,22
נוצרה,22
הבולטים,22
למלך,22
וילדים,22
ירוק,22
מרכזיים,22
נויברגר,22
אביה,22
לבוש,22
בארכיון,22
יק,22
שליש,22
כוס,22
בקבוק,22
לחימה,22
גרמני,22
לקפוץ,22
עצים,22
בחומר,22
בסביבה,22
חלפו,22
נגמר,22
סופרים,22
ולכתוב,22
למטרות,22
האמונה,22
ברחובות,22
הניח,22
העיירה,22
לסיפור,22
אליהו,22
מחייב,22
פעילויות,22
ועדה,22
חברו,22
ותו,22
פרי,22
תור,22
קצרות,22
דיני,22
הלגיון,22
מצביע,22
בהר,22
עדות,22
במסע,22
וחשוב,22
פרשנות,22
החיות,22
רווחים,22
עלילה,22
זווית,22
ביקור,22
ששם,22
מצדיק,22
בחלל,22
מצטער,22
באלבום,22
שמש,22
לפורנוגרפיה,22
במישור,22
האזרח,22
קיומה,22
מנחה,22
מיהו,22
התשעים,22
שרירותי,22
תרם,22
העזרה,22
בספק,22
לאמת,22
קריאת,22
קולו,22
פחד,22
והחל,22
לאישור,22
לזכויות,22
למסע,22
המזרחי,22
בישיבת,22
ממלכתי,22
האגודה,22
לרכז,22
בשמות,22
בתחומי,22
והדבר,22
הסתכלה,22
לאנגליה,22
ומדוע,22
בביתו,22
חמושים,22
באיזו,22
הומור,22
צרפתית,22
הפרס,22
מקצועיות,22
המלכותי,22
התאוריה,22
לעיין,22
לאנציקלופדיה,22
ליפן,22
לקצר,22
למדיניות,22
שווייץ,22
ונס,22
לפרלמנט,22
וחומר,22
שטראוס,22
תעתיק,22
המלכותית,22
פיסקה,22
הטבח,22
שיצרת,22
אפנה,22
למאמר,22
פנחס,22
תמחוק,22
הנסיך,22
שיניתי,22
מוחק,22
פלוני,22
ירש,22
תכתוב,22
ור,22
בבלי,22
השמונים,21
נסיעה,21
שהכל,21
בקשות,21
הזכות,21
ביתו,21
תפיסה,21
רדיו,21
חילופי,21
בטלפון,21
להביע,21
הסעיף,21
תמורת,21
בנים,21
שליטה,21
דיווח,21
בתרבות,21
הטכנולוגיה,21
לפגוש,21
לזו,21
בתשובה,21
שעובד,21
בילדים,21
יעילה,21
לזוז,21
עבורם,21
הסמכות,21
משלהם,21
מרצה,21
חולה,21
מרקס,21
בנשק,21
הרע,21
שקשה,21
ממשיכה,21
אות,21
מכוון,21
מייד,21
הציבורי,21
העיקריים,21
הבדיקה,21
כפול,21
בטלוויזיה,21
העסק,21
חייה,21
עלות,21
מעורר,21
הממצאים,21
מזונות,21
עמדו,21
כפולה,21
הקלה,21
חתם,21
בדיונים,21
מציאות,21
אמצע,21
ההצלחה,21
אזורי,21
נהנה,21
המפורסם,21
מרחוק,21
נדרשת,21
יל,21
באירוע,21
ליל,21
הספירה,21
לבנים,21
הסביר,21
חגיגות,21
לשכוח,21
החשובים,21
ההתנגדות,21
המוני,21
לדעתו,21
היווה,21
איור,21
מטוסי,21
מוצלחת,21
הסוכר,21
במבצע,21
בתקווה,21
בערים,21
תוצאה,21
פרסומי,21
התחתון,21
דיווחים,21
זקוקה,21
כפות,21
שביל,21
העל,21
טנקים,21
נמנע,21
משימות,21
להקל,21
ימצא,21
גדר,21
עניתי,21
נציגי,21
הרומן,21
ויס,21
אחים,21
מחבר,21
ארבעים,21
לחקור,21
לעומק,21
בשיחה,21
ולקבל,21
תחומי,21
יין,21
ההיא,21
השעון,21
החורף,21
וחלקם,21
חוקר,21
שאיש,21
ההתאבדות,21
כישלון,21
מידת,21
גבי,21
משמעית,21
אלכסנדר,21
ריקים,21
הדסון,21
לביקורת,21
אמריקאית,21
במסלול,21
והפך,21
מסגרת,21
כולכם,21
ההתקפה,21
נכונים,21
ממוקמת,21
ארצה,21
גרועים,21
הקשורים,21
להבדיל,21
להיראות,21
ניצול,21
דמוקרטית,21
האנס,21
השיח,21
תקופות,21
טורקיה,21
אהבתי,21
ברוסיה,21
חמה,21
מסויימת,21
החיפוש,21
פתיחה,21
כמקובל,21
היוו,21
פקודה,21
תלמידים,21
פתחה,21
מכוח,21
רשאים,21
ההכנות,21
שחייה,21
יופיעו,21
טבעו,21
להסתכל,21
רוסית,21
סגל,21
מבעד,21
ארמון,21
הצצתי,21
ארגז,21
הצלחת,21
מצומצם,21
בשכונת,21
יסודות,21
המשפטית,21
בצעירותו,21
מנוהלת,21
העמותה,21
סניפים,21
פורטלים,21
גרמנית,21
הסמל,21
ויקיזציה,21
לכבד,21
בתקציר,21
עורכים,21
בניסוח,21
וילהלם,21
בברית,21
הדפים,21
סיימתי,21
בחלקו,21
עיראק,21
מקביל,21
ולצערי,21
לשכתוב,21
פסטיבל,21
התיק,21
פרידמן,21
בנויים,21
במספרים,21
המפעילים,21
רצוף,21
סיווג,21
הלורדים,21
הסרתי,21
בלוג,21
טובת,21
ליאו,21
חותם,21
הצפנה,21
פסיק,21
הטבעיים,21
השאיר,20
הצ,20
התלבטות,20
הספציפי,20
מזהה,20
רגשית,20
טבלה,20
פיזית,20
גופנית,20
שעובר,20
מלמעלה,20
השיחות,20
תקבל,20
וחוץ,20
רשימות,20
מרוב,20
אותיות,20
בכיוון,20
אתן,20
להעריך,20
נסיון,20
שופטים,20
המושגים,20
במחשב,20
מצוות,20
שאסור,20
פסקי,20
ובתי,20
נאמן,20
המגזר,20
מעדיפים,20
טל,20
זילנד,20
הגבוהה,20
תאי,20
מנוע,20
הרגיל,20
החשמל,20
רמה,20
מבוגר,20
שיח,20
המורה,20
הפלסטינית,20
נחמן,20
התקיימה,20
בשטחים,20
עצמנו,20
ולפיכך,20
המשבר,20
לאומית,20
טילים,20
בשורה,20
לסיכום,20
ונשים,20
הקוד,20
התפטר,20
וקיבל,20
קביעת,20
לבעלי,20
וכלי,20
באקדמיה,20
תחומים,20
מבקשת,20
הכוללת,20
הניתוח,20
לנחש,20
סקר,20
פנתה,20
ולמרות,20
בוטה,20
פסיכולוגי,20
חזקים,20
אשמה,20
בדם,20
נמוכים,20
מייצג,20
במצרים,20
ייצור,20
השפעת,20
עודף,20
מענה,20
הכרה,20
הועלה,20
מכלל,20
הציעו,20
המיוחד,20
הוצג,20
בחירתו,20
עיתונאים,20
פינה,20
בממשל,20
התייחס,20
ידעה,20
נכנסו,20
שירי,20
ניתנה,20
להרוג,20
מצבו,20
נכונות,20
צמח,20
ואי,20
להתווכח,20
הלכות,20
פוגעת,20
כתובות,20
הסופר,20
מעשי,20
בואינג,20
נחשבים,20
זכוכית,20
בנפרד,20
פתרונות,20
בראיון,20
אמריקאים,20
פיו,20
רזי,20
לס,20
שומר,20
איברים,20
וניתן,20
לשוב,20
מביאים,20
מתחילים,20
הדר,20
השלושה,20
שעוד,20
ערכת,20
הרמב,20
חקירה,20
הקשור,20
לבעיה,20
פרוץ,20
נפלא,20
צעירה,20
הממוצע,20
רגליים,20
החמישית,20
מחליט,20
האבן,20
הצבע,20
שאלו,20
לחקר,20
בשאר,20
לצבור,20
לפה,20
גויס,20
טיעון,20
אפוא,20
פוליטיים,20
ישבו,20
ומספר,20
כואב,20
החלפת,20
התחרות,20
דודו,20
עומדים,20
משפיע,20
הרווחה,20
פונקציות,20
בהדסון,20
עובדי,20
הבמה,20
במידת,20
גזר,20
תיק,20
לסמן,20
שנשאר,20
מופיעות,20
החלון,20
בחו,20
ליותר,20
חוקה,20
לחוק,20
תאור,20
דיוק,20
הסטודנטים,20
הפעלת,20
המידה,20
שחרור,20
אפי,20
להיסטוריה,20
שבעת,20
נופל,20
לותר,20
פותחו,20
הצמח,20
לשחרור,20
ויזואלית,20
בעריכה,20
בישיבה,20
מוטה,20
הצנחנים,20
המכון,20
אגודת,20
נווה,20
מתנצל,20
חינם,20
מוצדקת,20
בהריון,20
המדריך,20
הוראה,20
אוגוסט,20
בלשכת,20
מתאימים,20
יקח,20
עכשו,20
ארי,20
מיחד,20
בתחנת,20
בצחוק,20
הפרקים,20
לבוט,20
דורית,20
צי,20
נקראו,20
שוכנת,20
אבקשך,20
חזקות,20
בתבניות,20
עיריית,20
אקספלורר,20
כמפקד,20
גאוגרפי,20
במוזיאון,20
במונח,20
כימיה,20
האבירים,20
כנסייה,20
הליכוד,20
פעילותו,20
תיכון,20
קום,20
לניו,20
הנפוץ,20
פרנק,20
שנויים,20
התגורר,20
שביקשת,20
הטעות,20
האוס,20
כוכבי,20
נייטרלית,20
גזעים,20
הלוגו,20
הכחדה,20
כאל,20
דואג,20
שאינך,20
הורדתי,20
כץ,20
זרות,20
הציטוט,20
פולמוס,20
וידאו,20
רביעית,20
מסנג,20
השופטים,20
תוכלי,20
לגופו,20
שורש,20
תאוריה,20
פולי,20
מרדוק,20
וחמישה,19
לקחתי,19
פתחתי,19
וברור,19
שתיהן,19
האוכל,19
לרחוב,19
האש,19
המזל,19
לימד,19
יסודי,19
יצאתי,19
מושלם,19
לתיאור,19
מפאת,19
כמי,19
נשימה,19
ותיק,19
לתיקון,19
מסבירה,19
נפלו,19
כתבו,19
ומעלה,19
מינים,19
שכנראה,19
התחילה,19
השר,19
האמור,19
הרבנות,19
קמפיין,19
לצפייה,19
נפשות,19
הצעירים,19
איום,19
לשפה,19
בבחינת,19
בתפוז,19
פשע,19
לעצמם,19
דלק,19
הגג,19
שיחקה,19
בוודאות,19
מסוגלים,19
אמון,19
לילד,19
תמשיך,19
אנוש,19
הרשויות,19
ברשות,19
תיעוד,19
סיני,19
לתקוף,19
עצומה,19
סחר,19
תגובת,19
עולמית,19
שישראל,19
מאמינים,19
זוכים,19
אספירין,19
גבוהות,19
העובר,19
בערבית,19
שכתבו,19
עצמן,19
השתמשו,19
יבואו,19
בקשת,19
לסיוע,19
כלכלי,19
פסוקים,19
לשנת,19
שחקני,19
חכמה,19
הודיעו,19
מצאה,19
שאליו,19
נדרשים,19
לדאוג,19
במקומו,19
ליתר,19
באורח,19
האחרות,19
החזר,19
בינלאומיים,19
וג,19
החתימה,19
הפרת,19
הראשיים,19
סיור,19
זרוע,19
נפט,19
פוקס,19
הבטיח,19
עובדיה,19
בתנועה,19
לרגל,19
הטענות,19
נכנסה,19
הגענו,19
ממספר,19
קרובי,19
אחות,19
תשעה,19
גדולי,19
במחיר,19
מרוקו,19
אונס,19
הצעירה,19
ולמעשה,19
הטרור,19
התאומים,19
תקינה,19
רכיבים,19
פירות,19
מכילה,19
חיוניים,19
לתוכנית,19
נשארה,19
מרץ,19
קרי,19
אוסלו,19
שנותרו,19
הסכסוך,19
לאלתר,19
ומתן,19
משאיר,19
קריטי,19
ההשפעה,19
מחוזות,19
שוות,19
הטנק,19
דהיינו,19
ממשחק,19
מיוחדות,19
טכני,19
חלונות,19
דלתות,19
ואומר,19
ראינו,19
התיאטרון,19
אבני,19
הרפואה,19
בגרסה,19
פנימיים,19
השמן,19
אוהד,19
מודל,19
הכדור,19
וכמו,19
לנכון,19
הרוסי,19
תקלה,19
סגירת,19
הבינו,19
בודק,19
נועדו,19
סלנג,19
ולבן,19
בראשי,19
במשיכת,19
בתוכה,19
הקפה,19
חפץ,19
ולראות,19
תרבותית,19
נתקלת,19
יריחו,19
באילת,19
ביניהן,19
החלב,19
וכיום,19
שוכן,19
בחרתי,19
במבנה,19
בפוליטיקה,19
סכסוך,19
להעמיד,19
הוויכוח,19
אמנון,19
הכתוב,19
יונתן,19
גדי,19
משרת,19
שובו,19
דיין,19
האוקיינוס,19
אפקט,19
הדורות,19
הלידה,19
בסיסית,19
לוויינים,19
וליצור,19
קרני,19
חריפה,19
המירוץ,19
תומאס,19
חסימות,19
ערבים,19
להעניק,19
מטאל,19
אצטרך,19
לדמיין,19
דורשים,19
אחריה,19
הדתי,19
ביוון,19
מוצאת,19
הטיעון,19
לביטול,19
ובעל,19
הוצגה,19
חנויות,19
סקס,19
חזון,19
מדינית,19
המסע,19
כלב,19
בחזית,19
לשמר,19
נע,19
כבדות,19
הרבי,19
האנושות,19
תושב,19
נצטרך,19
עז,19
שפירא,19
דואר,19
המחלקה,19
ושני,19
ניתנים,19
טיפ,19
הנאצים,19
חריגה,19
ברכבת,19
קמה,19
הנהר,19
בקבוקים,19
חתול,19
לאנגלית,19
מצביעים,19
נצה,19
במיזם,19
ללימודי,19
פורד,19
למשתמשים,19
אדולף,19
מזרחי,19
רצ,19
גשר,19
נבחרות,19
המאוחדת,19
לידיעתך,19
הימין,19
מרשל,19
אצלך,19
הפורטלים,19
קיימברידג,19
מקוצר,19
פרדוקס,19
במסחר,19
חופפים,19
להתאים,19
לשיפור,19
האלגוריתם,19
בוטינסקי,19
שבערך,19
זמין,19
הטמפרטורה,19
אייל,19
מויקיפדיה,19
תפתח,19
נולדו,19
צפיפות,19
הבל,19
ביצעתי,19
לנדאו,19
מאפיין,19
קריטריון,19
לכתיבה,19
כשרות,19
מסמך,19
אלגוריתם,19
בפסקה,19
ההערות,19
נשוי,19
פושע,19
בטענה,19
להכחיש,19
בבוט,19
טור,19
צולם,19
קצה,19
מוטעה,19
להיכנע,19
טרחת,19
בפניו,19
אחוזים,18
נקי,18
פניתי,18
פרצה,18
ברצינות,18
ארון,18
החלטנו,18
והכל,18
אכתוב,18
נתחיל,18
ועושה,18
בדברים,18
קשיים,18
קיצוניים,18
נכנסת,18
לגוף,18
למראה,18
בשיטת,18
סיפרה,18
מרכזית,18
ביניים,18
תקציב,18
סימנים,18
יציבה,18
כמוהו,18
אמה,18
מנוחה,18
הרגשה,18
הפלילי,18
שרים,18
לפצל,18
פיצול,18
מיידית,18
נוהגים,18
בלית,18
העלו,18
הטיעונים,18
מתח,18
בטוחים,18
מבקשים,18
מחפשים,18
הישנה,18
פורומים,18
ותיקים,18
מכדי,18
לחשבון,18
תעלה,18
עירוני,18
הראה,18
החברים,18
שימו,18
תצליח,18
זיהום,18
החום,18
ביישוב,18
רוני,18
להתחמק,18
מלווה,18
תקנות,18
לכפר,18
בענף,18
דונלד,18
פתוחות,18
ישראליות,18
הסיבוב,18
החזקות,18
לכבוד,18
אומץ,18
הטבות,18
מדד,18
המחנה,18
למדינת,18
הרופאים,18
סרטן,18
חלופה,18
סמואל,18
הנמצא,18
רות,18
נוסחאות,18
שימשה,18
כנשיא,18
נאלצו,18
סיימה,18
ומיד,18
קבועה,18
הובילה,18
מיותרות,18
מראים,18
לחוות,18
מודעים,18
למתן,18
יציבות,18
צאן,18
למצרים,18
לחודש,18
נובל,18
הטבעי,18
להגדיל,18
הלכתי,18
טיפה,18
להתקדם,18
השכר,18
ירדה,18
עונות,18
הסתיים,18
אומנם,18
שעשיתי,18
פרטיים,18
לחלל,18
החקיקה,18
בדרכו,18
בגודל,18
נוגע,18
המפתח,18
הספרדית,18
הדעה,18
להדגיש,18
ברכה,18
תוכנה,18
כניסת,18
כוללים,18
נעשתה,18
נוחה,18
ארבעת,18
בתנ,18
שחורה,18
סייבר,18
אמי,18
הבשורה,18
מרוצה,18
ישו,18
בילדותו,18
הפלסטינים,18
נבנו,18
הנסיעה,18
לפרוץ,18
שעברו,18
בראשות,18
נטל,18
מינג,18
אחידה,18
נפתחו,18
השומר,18
מגיעות,18
הקרבות,18
יוסי,18
בובות,18
נפתחה,18
למטרה,18
פעילה,18
הביע,18
בזו,18
תומכים,18
השוק,18
גיבור,18
שהופיעו,18
הטעם,18
יצירתו,18
ומכאן,18
תעשיית,18
עיתונים,18
לידו,18
האמנות,18
ביצעו,18
שותפים,18
מביך,18
לגיטימית,18
בפירוש,18
נפל,18
למחצה,18
תיירות,18
יגאל,18
שמופיע,18
תוהה,18
בתים,18
לכבוש,18
אפריל,18
מפי,18
מאין,18
מייצגים,18
סבו,18
ישירה,18
צרפתי,18
האו,18
חקלאי,18
הבדלים,18
פוטנציאל,18
במרכזה,18
הטובות,18
החשובות,18
שציינתי,18
רודי,18
כדורסל,18
חיזבאללה,18
הפמיניזם,18
מיעוט,18
צנזורה,18
פסיקה,18
לקהל,18
לעין,18
האמן,18
ערבי,18
אולמרט,18
לגשת,18
החברתיים,18
חצר,18
המדרש,18
ומעולם,18
זעיר,18
במונחים,18
השריון,18
שזכה,18
המסורת,18
המערבית,18
עוצמה,18
בכלא,18
שמם,18
לפתיחת,18
רציף,18
הגמל,18
ומשפחתו,18
מלאכי,18
לעורר,18
הוצא,18
לשירות,18
פנסיה,18
עדיפה,18
כשל,18
חמורים,18
מתשלום,18
המעסיק,18
תשס,18
הסל,18
מלון,18
פעמי,18
מתו,18
מפלצת,18
המפלצת,18
בקר,18
החליפה,18
כח,18
ריקה,18
בהקדם,18
דיצה,18
החיצוניים,18
ערכתי,18
דיזנגוף,18
אהרן,18
בדלפק,18
פיקד,18
הנביאים,18
למחות,18
נפגש,18
ולמצוא,18
המפרץ,18
גולדשטיין,18
נייטרלי,18
הקריטריונים,18
צליל,18
לגיטימי,18
למקור,18
בעייתית,18
שורת,18
אופ,18
בסכנת,18
כערך,18
המזרחית,18
ייחודי,18
הסוג,18
הפסל,18
אצולה,18
תערוכות,18
סוגריים,18
תרצו,18
הציר,18
להסתפק,18
ראית,18
חסמתי,18
שבתאי,18
בעייה,18
סרק,18
בראבו,18
המופע,18
רוסי,18
מכחיש,18
קומיקס,18
צבעי,18
מילון,18
דייוויד,18
אלבומי,18
חלקיק,18
פספסתי,18
שמילאתם,18
מגוריכם,18
נכנסתי,17
אוכלים,17
בעליל,17
הזיכרון,17
בבניין,17
החיצוני,17
דירה,17
המכונית,17
בתיק,17
בשבי,17
ליבו,17
חדל,17
האהבה,17
התחילו,17
גורמת,17
דאגה,17
דפוסי,17
יקר,17
העביר,17
החודש,17
תיבות,17
ובטח,17
הסכמי,17
בהסכם,17
משותפים,17
שקיבלתי,17
מחפשת,17
להשתנות,17
ובלתי,17
כבש,17
בריאה,17
נמסר,17
בקרבת,17
בקצה,17
התנגשות,17
אימצו,17
האתרים,17
קלפים,17
חילוני,17
עשור,17
הכולל,17
באוסטרליה,17
לרשת,17
מישראל,17
מציעה,17
בליגת,17
חולון,17
לסמוך,17
גילם,17
עיקרי,17
לצמצם,17
בוטל,17
ינואר,17
הביטוח,17
אלן,17
הרג,17
אלפים,17
התפשטות,17
בהודעה,17
הביעו,17
לרשימת,17
המערב,17
העליונה,17
יתרון,17
במעלה,17
משמעותיים,17
בסיכון,17
שנקבע,17
לרפואה,17
יוצרת,17
העוסקים,17
שבויים,17
עיני,17
חסד,17
מהרה,17
ערבית,17
סיפורי,17
ששימש,17
להודיע,17
תאריכים,17
ואיפה,17
קליפורניה,17
הפרשנות,17
הקימה,17
הצילום,17
המקומיים,17
מאמצים,17
הבינה,17
כותבת,17
עיון,17
בוחר,17
מצבים,17
מאמינה,17
צריכת,17
לשלוש,17
חשיבה,17
מנגנון,17
בדו,17
ואחת,17
בפיתוח,17
אושר,17
לסי,17
הסכימו,17
שעשה,17
הרים,17
אצבעות,17
הפיתוח,17
תיאר,17
שעושה,17
גמליאל,17
נמשכו,17
מתנדבים,17
אמצעים,17
יימחק,17
הספיק,17
חוקיים,17
החשובה,17
השמיים,17
מקוון,17
קבצים,17
מזוהה,17
הכתובת,17
ובוודאי,17
מציינים,17
מוקדמת,17
נון,17
אזורים,17
בשואה,17
פעלו,17
ספרדית,17
הדתית,17
שרדו,17
תוכנן,17
רצף,17
למפקד,17
האמריקנים,17
התפתח,17
ירקות,17
התחתונה,17
יידיש,17
בקהילה,17
דרכה,17
קולומביה,17
אוגנדה,17
חומרי,17
לוקחת,17
לתנועה,17
בנם,17
הכתבה,17
ותודה,17
בעזה,17
התחייבות,17
תאומים,17
רגילים,17
מודי,17
מחוסר,17
לאותה,17
מקיפה,17
לחל,17
ההזדמנות,17
מתים,17
למוזיקה,17
הנקרא,17
עשיר,17
הגליל,17
נוף,17
מסוגו,17
שירצה,17
באוויר,17
שבטים,17
חורים,17
מתישהו,17
פניות,17
ויצא,17
עבודות,17
עבירות,17
מנגד,17
שינויי,17
בווינה,17
לייצור,17
הז,17
רומן,17
גופו,17
החלקים,17
המופיעים,17
מפתיע,17
מטען,17
ילדי,17
בקובץ,17
מפעם,17
לתגובה,17
מכוונת,17
שונא,17
מסר,17
בחצר,17
יושבים,17
סאלח,17
פינת,17
כשזה,17
פן,17
עמותת,17
גופי,17
לשלוט,17
המרחק,17
לעזאזל,17
דרכם,17
הרומאי,17
חומת,17
עורר,17
בעיניו,17
הציונית,17
הרלוונטי,17
מרמז,17
המושל,17
מחנות,17
שהוקם,17
הלוחם,17
נסיבות,17
השפיעה,17
בצדק,17
בהירושימה,17
דוח,17
האחורי,17
חוצה,17
נוגעת,17
ויצמן,17
קיסר,17
המסלול,17
השתלטו,17
אלגברה,17
פנוי,17
נקבל,17
החולצה,17
האמיתי,17
החג,17
הגבולות,17
הגדרת,17
ההבדלים,17
המראה,17
לגברים,17
נעצרו,17
קבעו,17
דיוני,17
גלוי,17
השמאל,17
ברבים,17
מקורי,17
פלסטינים,17
ננסה,17
נגישות,17
מקובלים,17
למעמד,17
למחקר,17
לנהר,17
אנונימי,17
חשבונות,17
להתנצל,17
תלונה,17
המנהל,17
השעות,17
אגף,17
אחסון,17
מאסר,17
החינוכי,17
מכשירי,17
לחיילים,17
בריכת,17
קרינה,17
כפתור,17
לחשוף,17
העור,17
גרף,17
המגורים,17
הופיעה,17
הסוס,17
הפתח,17
לרשום,17
יודן,17
ימצאו,17
תפוח,17
גוסטב,17
בוגר,17
רם,17
בדיחות,17
הסגנון,17
הקצר,17
הקצרמרים,17
וברוך,17
בואך,17
מתקיימים,17
בהצבעת,17
עדכונים,17
סנקט,17
מושל,17
האיים,17
היוונית,17
שבוצעו,17
ילה,17
אד,17
לשטח,17
איסוף,17
דגלי,17
למדו,17
הניסוי,17
התלמוד,17
התפתחה,17
וינסטון,17
הקפדה,17
בשמו,17
ויליאמס,17
שופץ,17
ורבים,17
ועיצוב,17
שנמחקה,17
החלוקה,17
לצרפת,17
התחנה,17
הגשר,17
עריכתך,17
בגרסאות,17
מאן,17
מהדברים,17
שופר,17
המצווה,17
באירלנד,17
שהמצב,17
שיחת,17
לשאלתך,17
אסמכתא,17
ניסוי,17
להבא,17
צמחי,17
לנמק,17
סמלים,17
בלהקה,17
שהשם,17
גרינברג,17
הסוהר,17
מינכן,17
חובב,17
ציינת,17
האמנה,17
קראת,17
הרשימות,17
חתמת,17
משלי,17
ניקוד,17
מקס,17
שלטונו,17
בורר,17
ציינתי,17
חוש,17
קי,17
קונג,17
הלינק,17
גדלים,17
למייל,17
מוחמד,17
דבורה,17
מוצפן,17
הירוהיטו,17
בוחרת,17
העלם,17
בסביבות,16
חריף,16
המבט,16
נתפס,16
נכנסים,16
הגב,16
מכוניות,16
מכונית,16
זוגיות,16
עדן,16
שמשהו,16
הילדה,16
בחבל,16
האישיות,16
המשקל,16
מספרי,16
לחסוך,16
בכסף,16
הוצאות,16
קרובה,16
מולי,16
רוחני,16
המפעל,16
באתי,16
שמחפש,16
יביא,16
ההגדרות,16
בכימיה,16
סיבוב,16
סבלנות,16
הטלויזיה,16
העניינים,16
יעל,16
הנוגעות,16
הדמוקרטיה,16
סייע,16
אחראית,16
לכלל,16
לחצות,16
המקובלת,16
ישיבות,16
תכופות,16
גולשים,16
שקיבל,16
לקרב,16
לאזרחים,16
לארגן,16
תהליכים,16
זכאים,16
כלכלה,16
וולט,16
לוין,16
והכי,16
המורים,16
שידעו,16
האלים,16
לנקוט,16
העריך,16
חיסון,16
שמספר,16
מכובד,16
משיכה,16
לתושבי,16
נמאס,16
עוצמת,16
החודשים,16
לחזק,16
וכנראה,16
לאיים,16
נפילת,16
בעיראק,16
המטרות,16
מולה,16
כבדים,16
דוגמת,16
סוד,16
מבוססים,16
האויב,16
מתפקידו,16
הואשם,16
כניסתו,16
אישום,16
יגרום,16
בשאלות,16
מושגים,16
באם,16
אמן,16
ממקורות,16
מובנת,16
המרחב,16
כהונתו,16
ישב,16
הסיוע,16
הכותבים,16
שיוכל,16
הבמאי,16
תמכו,16
שנוצר,16
בשיטה,16
הדמוקרטית,16
שרת,16
לפגיעה,16
חבריה,16
נתנו,16
פיזי,16
הכאב,16
היגיון,16
לטענת,16
המטופל,16
אובדן,16
התאמה,16
גורמי,16
לסבול,16
חומרה,16
פוליטיות,16
תכנון,16
חוב,16
שיעורי,16
שמירה,16
החזיק,16
שהנושא,16
פרישה,16
במחנה,16
בינואר,16
ניהל,16
בטבלה,16
ימיו,16
לסמל,16
בקריירה,16
ימינו,16
בסדרת,16
המשותף,16
תושבים,16
השליטה,16
לעקוב,16
לקרות,16
הרשת,16
שחורים,16
הקמתה,16
ואלו,16
תלמידי,16
תפילות,16
באתרים,16
צפייה,16
מצויים,16
קדושה,16
שלחו,16
לקחו,16
בשלושה,16
באנשים,16
פנימית,16
בפינת,16
דיברו,16
המגמה,16
מתמיד,16
מהעיר,16
קהילת,16
התיאור,16
גג,16
השמים,16
ניסיונות,16
ליישם,16
שנבחר,16
אפור,16
לאשר,16
מלאים,16
לוחמת,16
שנתן,16
חשבה,16
עבדה,16
קולג,16
בחברת,16
כחצי,16
הפרסום,16
מערכים,16
ילדיו,16
המכהן,16
הסקר,16
אימה,16
הקונגרס,16
לתמוך,16
השתתפה,16
ולפי,16
אינטרס,16
חידושים,16
מסובך,16
פינלנד,16
אוסטריה,16
החוב,16
מאפשרים,16
תעבור,16
פתחו,16
הגן,16
למספרים,16
הזר,16
הנוגע,16
מקומם,16
מפורטת,16
להתמקד,16
הדרוש,16
שלל,16
תחליף,16
החקירה,16
בנסיבות,16
שעד,16
פיתח,16
החולה,16
ניסויים,16
למבנה,16
מהנדס,16
המוכר,16
שקדי,16
אבנר,16
מיידי,16
אישיים,16
כינוי,16
הלל,16
כתביו,16
האח,16
השעשועים,16
אליהן,16
לבחירות,16
הכתב,16
זקן,16
ייצוג,16
רינה,16
בתוכן,16
מסתיים,16
הדיבור,16
משמשים,16
שאיננו,16
חומות,16
שיער,16
חברתיות,16
ארוחה,16
התיירות,16
לפתרון,16
מאזור,16
שממנו,16
הרמטכ,16
ובעולם,16
לגרסה,16
הזהות,16
הלחימה,16
הוציאו,16
מעיד,16
התגלו,16
כביכול,16
שחר,16
לטענה,16
הקימו,16
גנאי,16
ההרוגים,16
כניעה,16
מהווים,16
הכיפורים,16
משאבים,16
גרעין,16
מוזרים,16
רון,16
השכנים,16
נפרדת,16
אנושי,16
להיווצר,16
ומאז,16
נשארת,16
העצם,16
סיכום,16
חמורות,16
משמעו,16
מסורתי,16
עוקבים,16
גמורה,16
מארק,16
אחורה,16
עליית,16
משרדי,16
השישים,16
מוגן,16
פשעים,16
תגיע,16
סייעה,16
יפים,16
וחסר,16
תופס,16
באר,16
היסטוריות,16
הברזל,16
כללו,16
ששני,16
מסורת,16
גורדון,16
שיקגו,16
לערכי,16
מוגבלת,16
זרמים,16
מצאת,16
אתו,16
עמדת,16
תצטרך,16
מנקודת,16
רכיב,16
פטירה,16
בסרטן,16
קבורה,16
מימון,16
נפגעי,16
גופים,16
חלים,16
חופשת,16
זכאית,16
השלים,16
ללשכת,16
פרמטרים,16
קיץ,16
עופרת,16
מוגבלות,16
המבנים,16
נראו,16
מענין,16
הספור,16
השחר,16
הכריז,16
חיב,16
הפתוחה,16
אכל,16
יכל,16
המתאימה,16
רפאים,16
הרגל,16
נחכה,16
החתול,16
העורב,16
נפצע,16
הבחינה,16
דקה,16
שכחתי,16
שמר,16
קסטנר,16
גורדי,16
בברלין,16
אפשטיין,16
הנבחרות,16
התאחדות,16
האולימפיאדה,16
נבה,16
בחינות,16
מייסדי,16
מונרכיה,16
ברובע,16
המשטר,16
מקצה,16
נרצח,16
בקנדה,16
דל,16
בהיעדר,16
רלוונטיים,16
המתמטיקה,16
איינשטיין,16
מאנגלית,16
במירוץ,16
בידך,16
לנצרות,16
לצמיתות,16
לזכרו,16
כרונולוגי,16
בינו,16
חזית,16
פסקת,16
ביקשת,16
לקוראים,16
מסווג,16
להצבעת,16
בכיכר,16
שדרות,16
נייטרליות,16
הנמל,16
וינה,16
מפורסמים,16
גרוס,16
השפות,16
התקבלו,16
האדריכל,16
כעשרים,16
איי,16
משתי,16
אדריכלות,16
פיין,16
עיבוד,16
שהתמונה,16
שליליים,16
להמליץ,16
אלברט,16
ללחוץ,16
חומה,16
מדוייק,16
צורם,16
מייק,16
תרומתך,16
שהוספתי,16
עציון,16
שגיאת,16
אבסורד,16
דובי,16
באקספלורר,16
מגוחכת,16
נקבה,16
נספו,16
גרוסמן,16
חלוץ,16
פון,16
נוסע,16
מושחת,16
גרעינית,16
אשנה,16
אפיפיור,16
אחפש,16
ויקרא,16
הרציונליים,16
המיטה,16
נביות,16
השוקולד,15
טעים,15
אתחיל,15
טיפוס,15
לרכב,15
הרחובות,15
בפנים,15
מקומית,15
הלכו,15
לברוח,15
מבתי,15
הוסיפה,15
חווה,15
נתקל,15
מושלמת,15
בנתיים,15
המתנה,15
מתוכם,15
מסתדר,15
הייתם,15
ניסתה,15
מזכירה,15
מבצעים,15
ואתם,15
להתלונן,15
הדירה,15
המכתב,15
העתק,15
מוצר,15
המוצר,15
בהנחה,15
נסיך,15
מודעת,15
הפער,15
התנגד,15
ובהמשך,15
להיפך,15
מצידי,15
ברגל,15
לביטחון,15
הרגיש,15
ובאמת,15
איבד,15
להיזהר,15
במרד,15
הכריזה,15
בסרטים,15
הסרת,15
רחוקה,15
העיסוק,15
נחשפו,15
טיול,15
מצווה,15
ממוצע,15
גודלו,15
מהות,15
והוסיף,15
הרצליה,15
שומרים,15
זכרו,15
נטו,15
שיעשה,15
אלים,15
באמצעים,15
סבורים,15
ביקר,15
הגידול,15
לגידול,15
העומד,15
ברציפות,15
צומת,15
הסובייטי,15
הצבאיים,15
מיועד,15
התאבדות,15
באותן,15
המנהיג,15
היעד,15
הטיל,15
מילות,15
גדעון,15
ובעלי,15
הון,15
משרה,15
נבחרים,15
הינם,15
שכלל,15
לאלה,15
סובלים,15
הורדת,15
ללשון,15
וקצת,15
מעניינות,15
לחיי,15
קדושים,15
רייגן,15
בוחרים,15
שידע,15
בניהול,15
יזכה,15
משפחתה,15
התקבל,15
רפואית,15
נכות,15
עוזרת,15
מתרחשת,15
תפקוד,15
הראשוני,15
אחי,15
להשתלב,15
המצאת,15
צדדית,15
מינה,15
רמי,15
בוועדה,15
יקבלו,15
וזכה,15
עולמי,15
רעה,15
בממשלה,15
הועלתה,15
לוויין,15
שיכולים,15
בפעולות,15
לבתי,15
נמשיך,15
בקנה,15
צופים,15
למשהו,15
לפופולריות,15
מהאתר,15
מפשע,15
וראש,15
הנהלים,15
מזיק,15
בתוספת,15
מצוינת,15
נכלל,15
מובהק,15
זכיתי,15
מחלקות,15
היהודיות,15
הכתר,15
מזרחית,15
היצורים,15
היסטוריים,15
ששמו,15
לפרק,15
נוכח,15
ההתייחסות,15
בולטת,15
הסתיימה,15
פלג,15
דגים,15
המסורתי,15
הגנת,15
הסוכנות,15
רצתה,15
המקומי,15
להרים,15
גבה,15
עושות,15
יפתח,15
אוריאל,15
ככלל,15
בחיוך,15
למילה,15
לזוג,15
ליאור,15
אדירה,15
אדיר,15
הקורבנות,15
הדרכה,15
ההכשרה,15
מטרתו,15
שייכים,15
יציב,15
רופאים,15
האישור,15
באפריקה,15
נעצר,15
המוקדמות,15
גרמנים,15
לביקורות,15
בנוי,15
טנק,15
התקדמות,15
מתוחכם,15
שבט,15
החשבון,15
המודל,15
לגן,15
המדעית,15
מעגל,15
השלכות,15
מחזור,15
נתוני,15
הנקודות,15
האף,15
קוראי,15
מצה,15
הצהריים,15
סיקור,15
שעושים,15
כבן,15
שלושים,15
וחמש,15
התזמורת,15
המסעדה,15
מסדרת,15
וו,15
הסתכלתי,15
חולצה,15
הריכוז,15
הרישום,15
הירדן,15
ברכב,15
שפע,15
חוקיות,15
החפירות,15
התקיים,15
המבצר,15
למדע,15
גבורה,15
היחידי,15
הכהן,15
ההיסטורית,15
באלימות,15
שטחי,15
זניח,15
הגנרל,15
באש,15
שנעשו,15
ללימוד,15
רצו,15
הגבר,15
מצבה,15
כיכר,15
במאבק,15
קווים,15
מפלצות,15
פגישה,15
בחלקים,15
אבק,15
אנושית,15
הקשורות,15
רפואיים,15
פרטיות,15
טיסות,15
בקטע,15
לנוח,15
בכדור,15
מרשימת,15
פוליטיקאים,15
הנפט,15
תסכים,15
מליון,15
נעימה,15
בפורנוגרפיה,15
הפעולות,15
תחילתה,15
למין,15
כמקור,15
להגדרה,15
צניעות,15
מילר,15
ההוכחה,15
לאבד,15
נאסר,15
שעכשיו,15
שריר,15
הררי,15
רומא,15
ביקשו,15
נימוקים,15
ולגבי,15
טיעונים,15
המשפחתי,15
לינקולן,15
מסמל,15
ריח,15
המסמך,15
גשם,15
והרי,15
להקות,15
הנפגעים,15
תפקידה,15
שאכן,15
השפיע,15
סטודנט,15
נפח,15
גב,15
נסע,15
צוחק,15
סודי,15
נאה,15
מהעבודה,15
מקופת,15
בקופת,15
דנה,15
הצהרה,15
טיפולי,15
שעתיים,15
מחודש,15
הופסקה,15
להקפיד,15
הכשרות,15
הדרישות,15
לחצו,15
פירוק,15
קראה,15
השיבה,15
עיניה,15
ושתי,15
כנפיים,15
תרשים,15
תפסיק,15
אהב,15
מכר,15
תומר,15
מתה,15
חדרה,15
קשת,15
שמחים,15
ול,15
איזכור,15
לכינוי,15
קדומות,15
תנו,15
לצחוק,15
תחשוב,15
פסיכולוגיה,15
ואח,15
בויקישיתוף,15
להתפתח,15
מספיקה,15
ישעיהו,15
הנחיתה,15
ממלכת,15
אורכו,15
תורמים,15
הצפיפות,15
הוסרו,15
כמדומני,15
מתעקש,15
ברובם,15
הציור,15
המקביל,15
מעריצים,15
לימין,15
מכוסה,15
מלאכה,15
ברלין,15
למחוז,15
השמיני,15
בעיקרון,15
כתיבתו,15
למקורות,15
מימן,15
והייתה,15
הקתדרלה,15
שיפוץ,15
נין,15
חלוקות,15
המפעיל,15
מהתבנית,15
לארכב,15
גלויה,15
גפן,15
דמוקרטי,15
איגוד,15
התכוונת,15
מפוזרים,15
רבן,15
עמיחי,15
חוג,15
תורגמו,15
הוצעו,15
התעתיק,15
כראש,15
הבהרת,15
סבירות,15
בצפת,15
דורשת,15
תלמוד,15
לורנס,15
הבחינות,15
טאו,15
חוצפה,15
במקורות,15
ארמסטרונג,15
עניינית,15
האיכות,15
גלקסיות,15
מחבלים,15
לסדרת,15
הצמד,15
סבבה,15
פגעו,15
ואשמח,15
אבדוק,15
בעיניך,15
בנאי,15
בגרמנית,15
מנהג,15
נצרות,15
השחית,15
למושג,15
נינצ,15
כחודש,15
גרוזיה,15
השכתוב,15
היפוך,15
מבלבל,15
להרחבה,15
צבר,15
פלילי,15
הזכרים,15
מנהלת,15
פרסי,15
וורד,15
תקפה,15
השחור,15
עובדתי,15
מועתק,15
פירושו,15
שחזור,15
המדויק,15
משוואות,15
מאיזה,15
יי,15
זולה,15
ישוב,15
נמל,15
לגזור,15
בביטוי,15
הטורקית,15
סופי,15
ישמעאל,15
האסטרונאוטים,15
הגלגלים,15
ההפצצות,15
טליראן,15
אורחות,15
ימורי,15
הפעוט,15
השמועות,14
שנולד,14
וחוסר,14
ואבא,14
הסיר,14
מאחור,14
ביקשה,14
באיש,14
מסוגלת,14
בתקופות,14
מגדיר,14
איזון,14
במעבדה,14
לנקודת,14
לשוחח,14
סל,14
מייצרים,14
גיליתי,14
הבחור,14
לטובה,14
רשם,14
הלבוש,14
סיבת,14
במערכות,14
כלא,14
שיבוא,14
מקומה,14
מהתחלה,14
ביחסים,14
להכריז,14
להגביל,14
מגבלות,14
התביעה,14
במפגש,14
נדע,14
כשאין,14
מביאה,14
שמור,14
מתאימות,14
לאינטרנט,14
ערכית,14
מהדורות,14
מרגישים,14
למידה,14
חילוניים,14
פריטים,14
רחוקות,14
להוות,14
פועלות,14
למים,14
שאחד,14
במחצית,14
כחבר,14
הניסיון,14
מרכיב,14
קבלו,14
הרגשות,14
השלב,14
השפעתו,14
יאנג,14
ממונה,14
המקומיות,14
הבדיקות,14
השיב,14
יישובים,14
מוקד,14
היישובים,14
שהביא,14
בבנק,14
הדרום,14
שימור,14
און,14
חוסיין,14
צפוף,14
שבמקרה,14
נוצרת,14
השורות,14
שכולנו,14
בעקבותיו,14
פלילית,14
ואולם,14
דאז,14
המסר,14
הממונה,14
וערכים,14
המועמדים,14
ממאה,14
תוחלת,14
הרופא,14
ממערכת,14
הפסקת,14
ממשפחת,14
הסרטן,14
מכתבים,14
למאה,14
קדומה,14
המלח,14
במפעל,14
נדירים,14
שלקח,14
סודות,14
בקשתו,14
האותיות,14
מחכים,14
השתנו,14
התרומה,14
מהגרים,14
להתעסק,14
בשפת,14
המצביעים,14
בדואר,14
העיתונים,14
לחוש,14
בייחוד,14
לשבור,14
תסמונת,14
קרויה,14
ממצאים,14
הלחץ,14
מופנה,14
המס,14
מבחוץ,14
בבעלות,14
מדויקים,14
צעדים,14
יכלו,14
ושלוש,14
היחידים,14
ניצחה,14
הפסיד,14
שחושב,14
יונייטד,14
וכאשר,14
דון,14
קריאות,14
האיטלקי,14
משלושה,14
הבעייה,14
החוזה,14
התרחש,14
הנגב,14
במשהו,14
התגלה,14
באורך,14
הרלוונטיים,14
הדרכים,14
התחושה,14
העברה,14
נחשבו,14
איציק,14
בברזיל,14
אסתר,14
פרסים,14
מוזכרת,14
שניתנו,14
שעת,14
המאמץ,14
זעם,14
חודשי,14
האנטי,14
החברתי,14
משירות,14
סלע,14
שחל,14
לקבוצת,14
בחומרים,14
שומן,14
התקפות,14
מעקב,14
העסקים,14
בלימודי,14
לשר,14
שוחררו,14
ליברמן,14
דולרים,14
שוני,14
מתוק,14
בחג,14
תערובת,14
נישואים,14
שבן,14
בשנית,14
ערכו,14
משלוש,14
אהרון,14
בדמות,14
לבדה,14
אישר,14
חובות,14
הלשכה,14
המחוזות,14
מחיי,14
מעבירים,14
לימון,14
אילת,14
מבוטל,14
הוציאה,14
שקטה,14
ברכות,14
השקעה,14
עבדו,14
משאירים,14
הפרמטרים,14
שחסר,14
מכמה,14
מנהלי,14
הכיתוב,14
נגיף,14
חיידקים,14
במעט,14
למציאת,14
לשינויים,14
לתחלואה,14
וייתכן,14
ההחלטות,14
ראייה,14
הנזק,14
בצרפתית,14
חמים,14
מסקנות,14
נצחיה,14
גרמו,14
גנים,14
ואב,14
מתואר,14
מבוא,14
בכוונה,14
רוצחים,14
מהעולם,14
שפשוט,14
באוטובוס,14
דינה,14
נער,14
הקיר,14
מוסר,14
הטקס,14
זלמן,14
אמירה,14
הלשון,14
לתשובה,14
העצים,14
עיניי,14
חוט,14
תכשיטים,14
צבעוני,14
אנה,14
אהבו,14
איבר,14
למדוד,14
תלויה,14
בהדרגה,14
רכוש,14
ירון,14
הסמוך,14
בכניסה,14
ואחריו,14
ציונים,14
רעב,14
בחפירות,14
זיוף,14
מפוקפק,14
ההתיישבות,14
המורדים,14
שעשו,14
המטבעות,14
שנמצאו,14
לחסל,14
ידיו,14
מצור,14
הרומי,14
בקרבות,14
למוות,14
מסדר,14
ובראשונה,14
הציונות,14
ברצח,14
ישנים,14
הקריאה,14
מקומיות,14
במוח,14
פז,14
מצויינת,14
הבשר,14
מודרני,14
והרבה,14
נאס,14
כאיש,14
דרושה,14
לדווח,14
הבאתי,14
הזווית,14
הטורניר,14
הסיום,14
הנתון,14
שידוע,14
ווקר,14
העתיק,14
חוכמה,14
להכיל,14
בפעולה,14
עוקב,14
אזרחית,14
בינה,14
הגיון,14
להכרה,14
קנדי,14
קנדה,14
עסקה,14
המתנגדים,14
נובע,14
קובעת,14
יימצא,14
החוקה,14
בסרטי,14
שנערכו,14
שמותר,14
תורם,14
באתרי,14
נסו,14
קורבן,14
הצער,14
כוונת,14
האסלאם,14
גמישות,14
בנקודה,14
ובאופן,14
הגאולה,14
אשכנז,14
לחדש,14
גלויות,14
ברצוני,14
יפות,14
הקדיש,14
גרידא,14
הסובייטית,14
בטבע,14
פלסטיק,14
שימושים,14
זוהר,14
לתקשר,14
שיצר,14
רוג,14
טיסה,14
לאלבום,14
ממי,14
יחידת,14
טכנולוגיה,14
מוזכרים,14
בתפקידים,14
הספה,14
קצינים,14
פלדה,14
בפורום,14
החסידות,14
הערוץ,14
זדון,14
חתום,14
השתלמות,14
לממש,14
מצריך,14
ותוך,14
ממשרד,14
במידע,14
שהה,14
משתתף,14
רישוי,14
באירועים,14
ניצולי,14
מד,14
לעת,14
תעשייה,14
תדאג,14
נראתה,14
מתנה,14
למקומות,14
זכרון,14
שלג,14
אמצא,14
בקש,14
הבופלו,14
מתנות,14
הבחנה,14
לירח,14
שומעת,14
צדקה,14
פרשים,14
לנוע,14
יאשק,14
הקטנות,14
אחלה,14
מכה,14
בצפיפות,14
לקיומו,14
חור,14
הירוק,14
לנוסח,14
ירודה,14
בתיאטרון,14
חיסול,14
אינדקס,14
תשים,14
ויקיחדשות,14
במכון,14
חפירות,14
ארכאולוגיות,14
והוספתי,14
הויקיפדים,14
הוכתר,14
לקורס,14
יליד,14
בוסניה,14
לדרגת,14
לימודים,14
שנויות,14
בהצבעות,14
נסיונות,14
התיישבות,14
סגנונות,14
מוחקים,14
פורמט,14
ארז,14
שלפנינו,14
דואל,14
הימי,14
חיוג,14
שורשים,14
הנוהל,14
משטר,14
נפגעה,14
הקומיקס,14
ולהרחיב,14
פלישה,14
הצבאות,14
כפילות,14
הפליטים,14
כיה,14
שבוצע,14
מתמטי,14
בעריכת,14
סטטיסטיקה,14
אעיר,14
המודיעין,14
מסמכים,14
הבהרה,14
מדענים,14
קפלר,14
הקורס,14
ביפו,14
ממרכז,14
הלטינית,14
בקורס,14
אינפלציה,14
תרגם,14
גרין,14
תאוצה,14
שהתבנית,14
הסגר,14
מתקן,14
העריכות,14
מנהטן,14
זמר,14
אקדמי,14
טיוטה,14
הקיסרות,14
הרשיון,14
אלדד,14
עצמים,14
נדפס,14
אנרכיזם,14
גלית,14
ויקיפדיות,14
משתדל,14
שביעי,14
פרויד,14
טבלאות,14
מכהן,14
בנוסח,14
כנס,14
אגד,14
גנטי,14
מקורו,14
האזרחי,14
שטות,14
שקול,14
זלזול,14
דניס,14
מתמטית,14
עריכת,14
לנקות,14
שומרון,14
לקישור,14
לתוכן,14
סי,14
ליחס,14
מיפוי,14
הגרעין,14
פרו,14
שיכתוב,14
פיתרון,14
ספוילרים,14
ידנית,14
אופטית,14
משער,14
חותמים,14
עודדי,14
אצליח,14
הרס,14
אעלה,14
פייר,14
צודקים,14
החלקיקים,14
שקרים,14
משתייכים,14
זעירה,14
גברי,14
מסה,14
הפסיק,14
השלמים,14
המסכה,14
המרוכבים,14
נגסאקי,14
המבקשים,14
זדורוב,14
סולימאני,14
הרחפת,14
שסק,14
בדרכים,13
מיץ,13
מלאות,13
לצפון,13
ובצדק,13
בפרשה,13
נפגע,13
האשמה,13
מדהימה,13
ולנסות,13
מני,13
תיקונים,13
שהבאתי,13
התוספות,13
קוראת,13
מפעלים,13
לעצב,13
למכור,13
נמכר,13
שאומרים,13
בסכום,13
הסכום,13
חיצונית,13
מרשימה,13
שהכי,13
להיפגש,13
ישבה,13
מבקר,13
הגבלות,13
לבחירת,13
לחלץ,13
בטיחות,13
לנקודה,13
עוסקת,13
לכפות,13
הנהלת,13
במוסדות,13
שו,13
תמצאו,13
מעלים,13
תוכנות,13
ילדיהם,13
השוליים,13
חדרי,13
מבוגרים,13
חרדיות,13
שבארצות,13
משטרת,13
למשפחות,13
ופשוט,13
יעד,13
פלוס,13
בהוצאה,13
בספרים,13
הניצחון,13
עומר,13
בקריית,13
מוצקין,13
מהחיים,13
דיבור,13
המנהלים,13
מוח,13
דחה,13
מצבם,13
הפיכת,13
חייבות,13
שמצאתי,13
הכלכלית,13
אוקטובר,13
המנחה,13
אויבים,13
הגרעיני,13
וכאן,13
תרבותי,13
סדנאות,13
רבע,13
תעשו,13
הספק,13
האלוף,13
יואב,13
מהמקרים,13
מעמדו,13
נציב,13
הסופית,13
שווים,13
הנדרש,13
מניעת,13
בעשרות,13
התרופה,13
הראו,13
שקיבלו,13
חסימת,13
אמות,13
מהתקופה,13
טוענת,13
ולעיתים,13
ההקשר,13
היסטוריונים,13
ההיסטוריונים,13
שרבים,13
ימות,13
בסוד,13
אזי,13
אקראי,13
לפענח,13
רונלד,13
ארד,13
גורל,13
בדבריו,13
יכלה,13
מג,13
פוסק,13
בטן,13
להפגין,13
רגשות,13
כרוך,13
משנים,13
ריבוי,13
שהרי,13
מתפתח,13
ההנחיות,13
נגרם,13
רפואיות,13
רועי,13
מחודשת,13
באחריות,13
פעלה,13
כלכליים,13
הנוהג,13
המרכיבים,13
בריאן,13
לפרוש,13
נישאו,13
ושלושה,13
שווי,13
בקבוצות,13
שלמעשה,13
ריאל,13
מדריד,13
אחוזי,13
לוחץ,13
שמעולם,13
השפיעו,13
מוזרה,13
ויהיה,13
בשבועות,13
ונגד,13
מערבית,13
בינוני,13
האריס,13
מקדם,13
להט,13
פנסילבניה,13
חלקן,13
שידורי,13
התעמולה,13
דרעי,13
יופיע,13
שהרב,13
גרפיקה,13
איתנו,13
המיון,13
מיון,13
סגר,13
עדכון,13
יואל,13
שלמות,13
בהלכה,13
בשוגג,13
הספרייה,13
עודכן,13
בחורף,13
יהודיות,13
דחו,13
השמחה,13
שומעים,13
מגדר,13
אפשרה,13
לטייל,13
בליווי,13
כרמל,13
לתל,13
באישור,13
מתקפת,13
שמץ,13
פופולריות,13
עשירים,13
תה,13
נמוכות,13
בברוקלין,13
ליבה,13
מאליו,13
עוררה,13
מבקרים,13
דאג,13
שמתאים,13
בטקס,13
שכמעט,13
כשנתיים,13
דיפלומטית,13
שמיר,13
מלכים,13
ונסון,13
ציינה,13
וצרפת,13
ל־,13
לבטח,13
פשיטת,13
שטרם,13
תעזור,13
דמוי,13
מעץ,13
החופשי,13
נוהל,13
הציוד,13
משחית,13
מודרניים,13
הא,13
לכמות,13
יעבוד,13
לבעיות,13
להסתמך,13
שאדם,13
השפלה,13
דצמבר,13
נטען,13
עצומות,13
המומלץ,13
עמיתים,13
פחותה,13
לדירה,13
מכסה,13
עגל,13
קרח,13
זית,13
ענפי,13
שעולה,13
שבועי,13
האצ,13
נדירות,13
תכנן,13
נפרדות,13
סתירות,13
קתולית,13
הרדיו,13
בבת,13
מחובר,13
המרכזיים,13
המחבר,13
לקולנוע,13
מרתק,13
מרכיבים,13
הלימוד,13
אמונה,13
בנויה,13
גרר,13
במדי,13
מושך,13
הוקרה,13
ישנות,13
לאה,13
קלישאה,13
מעודכן,13
נחוצה,13
בסוג,13
זהירות,13
צופה,13
הולדת,13
במטבח,13
רגלים,13
היפה,13
הזכוכית,13
המבקרים,13
עיקריים,13
בנגב,13
מדיה,13
הקשת,13
המטבח,13
שערי,13
בסיסיים,13
התכונות,13
מיתוס,13
לחשב,13
וייס,13
גוטמן,13
העולה,13
בחינת,13
מגילת,13
ליבוביץ,13
מכפי,13
ביהודה,13
המעמד,13
מיכה,13
שנוכל,13
לעם,13
בדירה,13
שמעה,13
ואמרה,13
סוגיה,13
הגיונית,13
בהווה,13
אקראית,13
משלב,13
בז,13
נחמדה,13
נשארים,13
ברח,13
הרשמית,13
עמית,13
אבטחת,13
הארגונים,13
מחצי,13
לגרמניה,13
ולהמשיך,13
הגיב,13
לכולנו,13
יהפוך,13
יקום,13
לסוג,13
מוזיקלי,13
אקבל,13
בתמורה,13
שכזו,13
שופט,13
לכוח,13
מוסרית,13
פרסומים,13
האפשרויות,13
נהוגה,13
ואלה,13
רשאית,13
שנקבעו,13
סובל,13
הועלו,13
נהיגה,13
מעצם,13
ורצוי,13
לברית,13
למאבק,13
מגוחך,13
הגה,13
בשעת,13
אינסוף,13
הביטלס,13
המוצא,13
עמדות,13
רחוקים,13
אדמות,13
החופש,13
בשבילו,13
שרי,13
קח,13
הקצרים,13
הצנזורה,13
רפאל,13
התחום,13
פילוסוף,13
האחר,13
הנוצרית,13
בשיר,13
שהעניין,13
לחברים,13
מיין,13
חלשה,13
היכל,13
החטיבה,13
דרש,13
המכיל,13
לתנועת,13
הרוסים,13
הפרשה,13
תביעת,13
קטעי,13
במוסד,13
המלצות,13
הייצור,13
לשכת,13
מועצה,13
המשוער,13
המבחן,13
להרכיב,13
הרצאות,13
בתפקוד,13
בשבילך,13
פרצו,13
חלון,13
לפתע,13
האביב,13
היער,13
בודאי,13
נפרדים,13
חופשה,13
הנסיכות,13
זקנה,13
בתודה,13
שזוהי,13
טוש,13
אוצר,13
לספור,13
בהיר,13
מהתבלין,13
עזרו,13
אבחון,13
גזענות,13
שכנה,13
וכעת,13
להקדיש,13
מתכוונת,13
הפלמ,13
שיפורים,13
התותחנים,13
חלוקים,13
פרנץ,13
התוכל,13
והרצגובינה,13
מפרץ,13
כמרכז,13
המקובלים,13
הצרפתים,13
דוברי,13
לקידום,13
נפוצים,13
בקטגוריות,13
הלוגיקה,13
יכתוב,13
אזרחיה,13
לקישורים,13
השישית,13
פלסטין,13
הייעוץ,13
ממייסדי,13
ושומרון,13
ציונית,13
אייכמן,13
העלתי,13
הפסטיבל,13
יווצר,13
אביעד,13
הפיזיקה,13
לפריז,13
באמנות,13
ממפעילים,13
ביקורות,13
ההצבעות,13
מפורש,13
ספורטאים,13
ויקפדיה,13
הקצרמר,13
טענתי,13
בכנסייה,13
פסבדו,13
סוריה,13
הלוי,13
לבכם,13
מימין,13
וירג,13
יניה,13
ילדותו,13
וילסון,13
הנצחה,13
אבות,13
השביעית,13
שהתקבל,13
להבנה,13
האוסקר,13
כרונולוגית,13
הפונקציה,13
דיוקן,13
תנ,13
בכוונתי,13
לרמוז,13
הרובע,13
מהפך,13
השחורה,13
טרנסניסטריה,13
הרחוק,13
שמבין,13
צלם,13
שיצרתי,13
חלופי,13
גרנט,13
בפתיח,13
למובחר,13
מייסד,13
המגן,13
שתוכל,13
כלכלת,13
באסלאם,13
נקראים,13
זבולון,13
גנרל,13
רבני,13
האין,13
בניינים,13
זרימה,13
ספרדי,13
במתמטיקה,13
תפילין,13
במוזיקה,13
חשוד,13
עטיפת,13
בתעתיק,13
כשם,13
וכדאי,13
לנוכח,13
מדווח,13
כמלך,13
חפש,13
חגים,13
כוחה,13
שויקיפדיה,13
בפסטיבל,13
שאמרת,13
קליפ,13
ממשי,13
נוהגת,13
מותה,13
היווני,13
ועליו,13
אופנהיימר,13
קדומים,13
הארכיון,13
הופסק,13
פלורידה,13
מתקיימות,13
הסינגל,13
נחום,13
לוחצים,13
תרגמת,13
הלוח,13
יורש,13
הצגה,13
עובדתית,13
קרינת,13
לבאר,13
שוורץ,13
גוונא,13
טבעת,13
דני,13
סגורים,13
חסם,13
ברבי,13
מדר,13
אייזק,13
אחרונה,13
להקת,13
זכורה,13
ההיגוי,13
תכונה,13
נדב,13
יורדת,13
מרפא,13
דורון,13
הקוסמית,13
סאסיץ,13
בפצצת,13
לייבניץ,13
זיקינגן,13
הילית,13
הקפואה,13
רואי,13
שוקולד,12
ימינה,12
השארתי,12
לסיבוב,12
נפלה,12
ממתין,12
ולהשאיר,12
משתמשת,12
שקר,12
אינסופית,12
קץ,12
אמשיך,12
החומרים,12
ששמעתי,12
ומצד,12
בחוסר,12
הבסיסי,12
נייר,12
שכאן,12
ירצה,12
הכרתי,12
פגיעות,12
ההופעה,12
מישהי,12
להיום,12
אצלו,12
לגבר,12
ענין,12
בארבע,12
מוסמך,12
הגיש,12
הנוגעים,12
מינוי,12
שעלה,12
הפרט,12
שהילדים,12
להצליח,12
מונע,12
ותשובות,12
שמשון,12
יחדיו,12
ממושך,12
להקשיב,12
בולטים,12
גולש,12
משפחתית,12
המוקדמת,12
לכלי,12
למקרה,12
זמנים,12
לטיול,12
חוברת,12
לאתרי,12
לניצחון,12
בשיח,12
מצפים,12
לגבש,12
ורוב,12
הסיני,12
מדרום,12
גמזו,12
לביקור,12
ערביים,12
חתונה,12
להגביר,12
שפרסם,12
הקרה,12
בייג,12
קלף,12
בדקה,12
נפץ,12
תרד,12
מאמן,12
השרון,12
תראו,12
עמידה,12
בלבנון,12
בדיעבד,12
המלצה,12
לשלול,12
למחלות,12
המחקרים,12
מתייחסים,12
העיכול,12
נטייה,12
המטפל,12
המדענים,12
מאוניברסיטת,12
היומיום,12
נתקלים,12
לספרות,12
לפנינו,12
גאון,12
מתגלה,12
מהפכה,12
בראון,12
שהצליח,12
וורן,12
ביל,12
קלינטון,12
בבריאות,12
בטוויטר,12
שנותיו,12
ספירת,12
ולשאול,12
פסיכוסומטיות,12
להתפתחות,12
ואנשים,12
מוסיפה,12
תלויים,12
לאירוע,12
אצבע,12
כספית,12
הידועה,12
ביתר,12
אק,12
ולעתים,12
המוכרת,12
היעדר,12
הודיעה,12
במקצועות,12
האלופות,12
לג,12
מצ,12
המחיר,12
שוקל,12
המאמן,12
גאה,12
בשנתיים,12
במועדון,12
לאונרדו,12
הקווים,12
באצטדיון,12
והלאה,12
מתנהל,12
להתבצע,12
בחלקה,12
הויכוח,12
סריקה,12
כהה,12
הלוויין,12
במרבית,12
מסוגים,12
ניצחונו,12
הבהיר,12
גוברת,12
נשמעו,12
לבקשת,12
הכריזו,12
ובעצם,12
החומה,12
ההוראה,12
הדתיים,12
תינוק,12
מתארת,12
חשודים,12
עסוק,12
לגמר,12
סוס,12
המגפה,12
משמר,12
התנאי,12
שמנסה,12
ולהעביר,12
רשתות,12
באות,12
ואינם,12
המנהיגים,12
צאצאי,12
עמם,12
בעיתונות,12
בספרי,12
המלאה,12
לספירה,12
גבעה,12
רודף,12
סוכות,12
שינתה,12
מזינים,12
בהגנה,12
יער,12
קמח,12
השדרה,12
הסייבר,12
קודמים,12
אוניברסיטה,12
במקצועו,12
עמה,12
החגים,12
הרשמיים,12
ביהודים,12
ורב,12
וזף,12
כרב,12
המסורתית,12
בלוס,12
התמודד,12
המדוברת,12
אופק,12
תואם,12
לגובה,12
מקל,12
פרידה,12
אפ,12
מעוניינים,12
הגשם,12
איים,12
כאחד,12
חרב,12
המשימות,12
תוספות,12
למשחקי,12
הבגדים,12
יציאת,12
קיר,12
פורה,12
חלבון,12
תאים,12
לפיתוח,12
שלפחות,12
פיתחו,12
שלמרות,12
מחייבת,12
עליונה,12
להיערך,12
קסם,12
לצרכים,12
מהמקום,12
הישגים,12
סקרים,12
מסייע,12
העניק,12
לדמויות,12
קלאסי,12
לאמנות,12
חובבי,12
שייכות,12
במימון,12
להשתלט,12
מסוכנת,12
אביגדור,12
חצות,12
תקשורתי,12
